Workbook

Sheet Config
A1: =IF(Config!$B$3="FR","Q17-Mini — Compatibilité MOSFET & R14/R15 initiales — Configuration","Q17-Mini — MOSFET Compatibility & Initial R14/R15 — Configuration") -> Q17-Mini — MOSFET Compatibility & Initial R14/R15 — Configuration
A2: =IF(Config!$B$3="FR","Modifier uniquement les cellules jaunes. Les valeurs R14/R15 calculées sont des valeurs initiales à valider à l’oscilloscope.","Edit yellow cells only. Calculated R14/R15 values are initial values to validate on the oscilloscope.") -> Edit yellow cells only. Calculated R14/R15 values are initial values to validate on the oscilloscope.
A3: =IF(Config!$B$3="FR","Langue","Language") -> Language | B3: EN | D3: FR / EN
A4: =IF(Config!$B$3="FR","Paramètre","Parameter") -> Parameter | B4: =IF(Config!$B$3="FR","Valeur","Value") -> Value | C4: =IF(Config!$B$3="FR","Unité","Unit") -> Unit | D4: =IF(Config!$B$3="FR","Remarque","Note") -> Note
A5: =IF(Config!$B$3="FR","Version","Version") -> Version | B5: 1.1b35 | D5: =IF(Config!$B$3="FR","Version bilingue FR/EN — mécanisme direct sans feuille supplémentaire","FR/EN bilingual version — direct mechanism without extra sheet") -> FR/EN bilingual version — direct mechanism without extra sheet
A6: =IF(Config!$B$3="FR","Date","Date") -> Date | B6: 08/10/2026
A8: =IF(Config!$B$3="FR","Résistance de référence","Reference resistor") -> Reference resistor | B8: R14 | D8: =IF(Config!$B$3="FR","R14 ou R15","R14 or R15") -> R14 or R15
A9: =IF(Config!$B$3="FR","Valeur initiale cible","Initial target value") -> Initial target value | B9: 100 | C9: Ω | D9: =IF(Config!$B$3="FR","Point de départ uniquement","Starting point only") -> Starting point only
A11: =IF(Config!$B$3="FR","Rail |V|","Rail |V|") -> Rail |V| | B11: 50 | C11: V
A12: =IF(Config!$B$3="FR","Charge RL","Load RL") -> Load RL | B12: 8 | C12: Ω
A13: =IF(Config!$B$3="FR","Id de calcul","Calculation Id") -> Calculation Id | B13: 3.125 | C13: A
A14: =IF(Config!$B$3="FR","Boucle de grille Lloop","Gate loop Lloop") -> Gate loop Lloop | B14: 30 | C14: nH
A15: =IF(Config!$B$3="FR","Rdriver HF","HF Rdriver") -> HF Rdriver | B15: 0 | C15: Ω
A16: =IF(Config!$B$3="FR","Marge de stabilité","Stability margin") -> Stability margin | B16: 1.4
A17: =IF(Config!$B$3="FR","Marge Vdss","Vdss margin") -> Vdss margin | B17: 1.2 | D17: =IF(Config!$B$3="FR","Critère : |Vdss| ≥ 2 × rail × marge","Criterion: |Vdss| ≥ 2 × rail × margin") -> Criterion: |Vdss| ≥ 2 × rail × margin
A18: =IF(Config!$B$3="FR","Marge Id","Id margin") -> Id margin | B18: 1.5 | D18: =IF(Config!$B$3="FR","Critère : Idmax ≥ Id calcul × marge","Criterion: Idmax ≥ calculation Id × margin") -> Criterion: Idmax ≥ calculation Id × margin
A19: =IF(Config!$B$3="FR","Écart N/P max","Max N/P mismatch") -> Max N/P mismatch | B19: 0.15 | D19: =IF(Config!$B$3="FR","Rapport relatif","Relative ratio") -> Relative ratio
A20: =IF(Config!$B$3="FR","Fréquence HF à préserver","HF frequency to preserve") -> HF frequency to preserve | B20: 100 | C20: kHz
A21: =IF(Config!$B$3="FR","Déphasage grille max","Max gate phase shift") -> Max gate phase shift | B21: 5 | C21: °
A22: =IF(Config!$B$3="FR","Perte grille max","Max gate loss") -> Max gate loss | B22: 0.1 | C22: dB
A23: =IF(Config!$B$3="FR","Ciss max","Max Ciss") -> Max Ciss | B23: 3500 | C23: pF
A24: =IF(Config!$B$3="FR","COMPATIBILITÉ DE PAIRE CURRENT-DUMPER","CURRENT-DUMPER PAIR COMPATIBILITY") -> CURRENT-DUMPER PAIR COMPATIBILITY
A25: =IF(Config!$B$3="FR","Poids profil Ceff","Ceff profile weight") -> Ceff profile weight | B25: 0.3 | D25: =IF(Config!$B$3="FR","Similitude N/P de Ceff dans plusieurs états du follower.","N/P Ceff similarity across several follower states.") -> N/P Ceff similarity across several follower states.
A26: =IF(Config!$B$3="FR","Poids similitude Qgd","Qgd similarity weight") -> Qgd similarity weight | B26: 0.2 | D26: =IF(Config!$B$3="FR","Charge de plateau Miller / transition.","Miller plateau / transition charge.") -> Miller plateau / transition charge.
A27: =IF(Config!$B$3="FR","Poids similitude Qg","Qg similarity weight") -> Qg similarity weight | B27: 0.15 | D27: =IF(Config!$B$3="FR","Charge de grille totale.","Total gate charge.") -> Total gate charge.
A28: =IF(Config!$B$3="FR","Poids similitude gm","gm similarity weight") -> gm similarity weight | B28: 0.15 | D28: =IF(Config!$B$3="FR","gm modélisé au même courant Q17.","gm modeled at the same Q17 current.") -> gm modeled at the same Q17 current.
A29: =IF(Config!$B$3="FR","Poids similitude Crss","Crss similarity weight") -> Crss similarity weight | B29: 0.1 | D29: =IF(Config!$B$3="FR","Couplage drain-grille dynamique.","Dynamic drain-gate coupling.") -> Dynamic drain-gate coupling.
A30: =IF(Config!$B$3="FR","Poids similitude VGS","VGS similarity weight") -> VGS similarity weight | B30: 0.1 | D30: =IF(Config!$B$3="FR","Contribution de transfert, volontairement modérée.","Deliberately moderate transfer contribution.") -> Deliberately moderate transfer contribution.
A31: =IF(Config!$B$3="FR","Total poids paire","Total pair weight") -> Total pair weight | B31: =SUM(B25:B30) -> 1 | D31: =IF(Config!$B$3="FR","Doit être égal à 1,00.","Must equal 1.00.") -> Must equal 1.00.
A33: =IF(Config!$B$3="FR","PROFIL Ceff DU FOLLOWER","FOLLOWER Ceff PROFILE") -> FOLLOWER Ceff PROFILE
A34: =IF(Config!$B$3="FR","Poids état Av = 0,00","Av = 0.00 state weight") -> Av = 0.00 state weight | B34: 0.25 | D34: =IF(Config!$B$3="FR","Début de transition / source quasi immobile.","Start of transition / source nearly stationary.") -> Start of transition / source nearly stationary.
A35: =IF(Config!$B$3="FR","Poids état Av = 0,50","Av = 0.50 state weight") -> Av = 0.50 state weight | B35: 0.35 | D35: =IF(Config!$B$3="FR","État intermédiaire.","Intermediate state.") -> Intermediate state.
A36: =IF(Config!$B$3="FR","Poids état Av = 0,95","Av = 0.95 state weight") -> Av = 0.95 state weight | B36: 0.4 | D36: =IF(Config!$B$3="FR","Source follower actif ; Cgs largement bootstrapée.","Active source follower; Cgs largely bootstrapped.") -> Active source follower; Cgs largely bootstrapped.
A37: =IF(Config!$B$3="FR","Total poids états","Total state weights") -> Total state weights | B37: =SUM(B34:B36) -> 1 | D37: =IF(Config!$B$3="FR","Doit être égal à 1,00.","Must equal 1.00.") -> Must equal 1.00.
A39: =IF(Config!$B$3="FR","Av de référence pour R14/R15","Reference Av for R14/R15") -> Reference Av for R14/R15 | B39: 0.5 | D39: =IF(Config!$B$3="FR","Utilisé uniquement pour la légère compensation Rgate après sélection de la paire.","Used only for small Rgate compensation after pair selection.") -> Used only for small Rgate compensation after pair selection.
A41: =IF(Config!$B$3="FR","CLASSEMENT THÉORIQUE SIMPLIFIÉ","SIMPLIFIED THEORETICAL CLASSIFICATION") -> SIMPLIFIED THEORETICAL CLASSIFICATION
A42: =IF(Config!$B$3="FR","Ceff min classe A","Class A min Ceff") -> Class A min Ceff | B42: 0.82 | D42: =IF(Config!$B$3="FR","Similarité du profil Ceff N/P.","N/P Ceff profile similarity.") -> N/P Ceff profile similarity.
A43: =IF(Config!$B$3="FR","Équilibre Rgate min classe A","Class A min Rgate balance") -> Class A min Rgate balance | B43: 0.75 | D43: =IF(Config!$B$3="FR","MIN(R14,R15)/MAX(R14,R15), valeurs cibles E24.","MIN(R14,R15)/MAX(R14,R15), E24 target values.") -> MIN(R14,R15)/MAX(R14,R15), E24 target values.
A44: =IF(Config!$B$3="FR","Ceff min classe B","Class B min Ceff") -> Class B min Ceff | B44: 0.78
A45: =IF(Config!$B$3="FR","Équilibre Rgate min classe B","Class B min Rgate balance") -> Class B min Rgate balance | B45: 0.75
A46: =IF(Config!$B$3="FR","Seuil alerte Qgd","Qgd alert threshold") -> Qgd alert threshold | B46: 0.4 | D46: =IF(Config!$B$3="FR","Seulement alerte si asymétrie vraiment forte.","Alert only for a really strong asymmetry.") -> Alert only for a really strong asymmetry.
A47: =IF(Config!$B$3="FR","Seuil alerte Qg/gm/Crss","Qg/gm/Crss alert threshold") -> Qg/gm/Crss alert threshold | B47: 0.45
A48: =IF(Config!$B$3="FR","Seuil alerte VGS","VGS alert threshold") -> VGS alert threshold | B48: 0.7 | D48: =IF(Config!$B$3="FR","Valeur issue de courbes typiques : seuil volontairement souple.","Value from typical curves: deliberately loose threshold.") -> Value from typical curves: deliberately loose threshold.

Sheet Selection
A1: =IF(Config!$B$3="FR","Q17-Mini — Sélection Q15/Q16 pour current-dumping & R14/R15 initiales","Q17-Mini — Q15/Q16 selection for current-dumping & initial R14/R15") -> Q17-Mini — Q15/Q16 selection for current-dumping & initial R14/R15
A2: =IF(Config!$B$3="FR","1.1b35 — Statut d’essai structuré → R14/R15 initiales → validation au scope.","1.1b35 — Structured test status → initial R14/R15 → oscilloscope validation.") -> 1.1b35 — Structured test status → initial R14/R15 → oscilloscope validation.
A3: =IF(Config!$B$3="FR","Paire sélectionnée","Selected pair") -> Selected pair | B3: (C16) IXTQ74N20P/FQA36P15 | D3: =IF(Config!$B$3="FR","Version","Version") -> Version | E3: =Config!$B$5 -> 1.1b35 | G3: =IF(Config!$B$3="FR","Langue","Language") -> Language | H3: =Config!$B$3 -> EN | I3: =IF(Config!$B$3="FR","Date","Date") -> Date | J3: =Config!$B$6 -> 08/10/2026 | M3: =IFERROR(MID(B3,FIND("(",B3)+1,FIND(")",B3)-FIND("(",B3)-1),"") -> C16
A4: =IF(Config!$B$3="FR","SYNTHÈSE DE LA PAIRE","PAIR SUMMARY") -> PAIR SUMMARY
A5: =IF(Config!$B$3="FR","Paramètre","Parameter") -> Parameter | B5: =IF(Config!$B$3="FR","Valeur","Value") -> Value | D5: MOSFET | E5: Ciss pF | F5: Crss pF | G5: Qgd nC | H5: gm mod. S | I5: VGS @3.125A | J5: =IF(Config!$B$3="FR","Aptitude","Suitability") -> Suitability
A6: Q15 (N) | B6: =IFERROR(VLOOKUP($M$3,Calculations!$A$5:$BM$22,2,FALSE),"") -> IXTQ74N20P | D6: Q15 | E6: =IFERROR(VLOOKUP($M$3,Calculations!$A$5:$BM$22,12,FALSE),"") -> 3300 | F6: =IFERROR(VLOOKUP($M$3,Calculations!$A$5:$BM$22,16,FALSE),"") -> 190 | G6: =IFERROR(VLOOKUP($M$3,Calculations!$A$5:$CC$22,69,FALSE),"") -> 52 | H6: =IFERROR(VLOOKUP($M$3,Calculations!$A$5:$CC$22,28,FALSE),"") -> 12.78724 | I6: =IFERROR(VLOOKUP($M$3,Calculations!$A$5:$CC$22,26,FALSE),"") -> 4.6 | J6: =IFERROR(VLOOKUP($M$3,Calculations!$A$5:$CC$22,58,FALSE),"") -> OK
A7: Q16 (P) | B7: =IFERROR(VLOOKUP($M$3,Calculations!$A$5:$BM$22,3,FALSE),"") -> FQA36P15 | D7: Q16 | E7: =IFERROR(VLOOKUP($M$3,Calculations!$A$5:$BM$22,13,FALSE),"") -> 2550 | F7: =IFERROR(VLOOKUP($M$3,Calculations!$A$5:$BM$22,17,FALSE),"") -> 110 | G7: =IFERROR(VLOOKUP($M$3,Calculations!$A$5:$CC$22,70,FALSE),"") -> 42 | H7: =IFERROR(VLOOKUP($M$3,Calculations!$A$5:$CC$22,29,FALSE),"") -> 8.125 | I7: =IFERROR(VLOOKUP($M$3,Calculations!$A$5:$CC$22,27,FALSE),"") -> 4.3 | J7: =IFERROR(VLOOKUP($M$3,Calculations!$A$5:$CC$22,59,FALSE),"") -> OK
A8: =IF(Config!$B$3="FR","R14 initiale (Ω)","Initial R14 (Ω)") -> Initial R14 (Ω) | B8: =IFERROR(VLOOKUP($M$3,Calculations!$A$5:$BM$22,54,FALSE),"") -> 100
A9: =IF(Config!$B$3="FR","R15 initiale (Ω)","Initial R15 (Ω)") -> Initial R15 (Ω) | B9: =IFERROR(VLOOKUP($M$3,Calculations!$A$5:$BM$22,55,FALSE),"") -> 130 | D9: =IF(Config!$B$3="FR","Plage théorique","Theoretical range") -> Theoretical range | E9: =IF(Config!$B$3="FR","R min E24","E24 min R") -> E24 min R | F9: =IF(Config!$B$3="FR","R max E24","E24 max R") -> E24 max R | G9: =IF(Config!$B$3="FR","Statut","Status") -> Status | I9: =IF(Config!$B$3="FR","Évaluation théorique","Theoretical assessment") -> Theoretical assessment | J9: =IF(Config!$B$3="FR","Valeur","Value") -> Value
A10: =IF(Config!$B$3="FR","Origine","Origin") -> Origin | B10: =IF(Config!$B$3="FR",IFERROR(VLOOKUP($M$3,Calculations!$A$5:$BM$22,56,FALSE),""),IF(IFERROR(VLOOKUP($M$3,Calculations!$A$5:$BM$22,56,FALSE),"")="CIBLE INITIALE","INITIAL TARGET",IF(IFERROR(VLOOKUP($M$3,Calculations!$A$5:$BM$22,56,FALSE),"")="CALCUL THÉORIQUE INITIAL","INITIAL THEORETICAL CALCULATION",IF(IFERROR(VLOOKUP($M$3,Calculations!$A$5:$BM$22,56,FALSE),"")="TEST Q17","Q17 TEST",IFERROR(VLOOKUP($M$3,Calculations!$A$5:$BM$22,56,FALSE),""))))) -> INITIAL TARGET | D10: R14 | E10: =IFERROR(VLOOKUP($M$3,Calculations!$A$5:$BM$22,36,FALSE),"") -> 10 | F10: =IFERROR(VLOOKUP($M$3,Calculations!$A$5:$BM$22,49,FALSE),"") -> 620 | G10: =IF(AND(B8>=E10,B8<=F10),"OK",IF(Config!$B$3="FR","À CONTRÔLER","CHECK")) -> OK | I10: =IF(Config!$B$3="FR","Classe","Class") -> Class | J10: =IF(Config!$B$3="FR",IFERROR(VLOOKUP($M$3,Calculations!$A$5:$CH$22,82,FALSE),""),IF(IFERROR(VLOOKUP($M$3,Calculations!$A$5:$CH$22,82,FALSE),"")="A – TRÈS BON CANDIDAT","A – VERY GOOD CANDIDATE",IF(IFERROR(VLOOKUP($M$3,Calculations!$A$5:$CH$22,82,FALSE),"")="B – BON CANDIDAT","B – GOOD CANDIDATE",IF(IFERROR(VLOOKUP($M$3,Calculations!$A$5:$CH$22,82,FALSE),"")="C – À ÉTUDIER","C – NEEDS REVIEW",IF(IFERROR(VLOOKUP($M$3,Calculations!$A$5:$CH$22,82,FALSE),"")="X – INADAPTÉ","X – UNSUITABLE",IFERROR(VLOOKUP($M$3,Calculations!$A$5:$CH$22,82,FALSE),"")))))) -> C – NEEDS REVIEW
A11: =IF(Config!$B$3="FR","Écart N/P","N/P mismatch") -> N/P mismatch | B11: =IFERROR(VLOOKUP($M$3,Calculations!$A$5:$BM$22,57,FALSE),"") -> 0.009253904 | D11: R15 | E11: =IFERROR(VLOOKUP($M$3,Calculations!$A$5:$BM$22,37,FALSE),"") -> 10 | F11: =IFERROR(VLOOKUP($M$3,Calculations!$A$5:$BM$22,50,FALSE),"") -> 910 | G11: =IF(AND(B9>=E11,B9<=F11),"OK",IF(Config!$B$3="FR","À CONTRÔLER","CHECK")) -> OK | I11: =IF(Config!$B$3="FR","Profil Ceff","Ceff profile") -> Ceff profile | J11: =IFERROR(VLOOKUP($M$3,Calculations!$A$5:$CH$22,61,FALSE),"") -> 0.72854023
A12: =IF(Config!$B$3="FR","Compatibilité Q17 théorique","Theoretical Q17 compatibility") -> Theoretical Q17 compatibility | B12: =IF(Config!$B$3="FR",IFERROR(VLOOKUP($M$3,Calculations!$A$5:$CH$22,82,FALSE),""),IF(IFERROR(VLOOKUP($M$3,Calculations!$A$5:$CH$22,82,FALSE),"")="A – TRÈS BON CANDIDAT","A – VERY GOOD CANDIDATE",IF(IFERROR(VLOOKUP($M$3,Calculations!$A$5:$CH$22,82,FALSE),"")="B – BON CANDIDAT","B – GOOD CANDIDATE",IF(IFERROR(VLOOKUP($M$3,Calculations!$A$5:$CH$22,82,FALSE),"")="C – À ÉTUDIER","C – NEEDS REVIEW",IF(IFERROR(VLOOKUP($M$3,Calculations!$A$5:$CH$22,82,FALSE),"")="X – INADAPTÉ","X – UNSUITABLE",IFERROR(VLOOKUP($M$3,Calculations!$A$5:$CH$22,82,FALSE),"")))))) -> C – NEEDS REVIEW | I12: =IF(Config!$B$3="FR","Équilibre Rgate","Rgate balance") -> Rgate balance | J12: =IFERROR(VLOOKUP($M$3,Calculations!$A$5:$CH$22,83,FALSE),"") -> 0.76923077
D13: =IF(Config!$B$3="FR","Nb alertes","Alert count") -> Alert count | E13: Qgd | F13: Qg | G13: gm | H13: Crss | I13: VGS | J13: =IF(Config!$B$3="FR","Alertes","Alerts") -> Alerts
D14: =IFERROR(VLOOKUP($M$3,Calculations!$A$5:$CH$22,84,FALSE),"") -> 0 | E14: =IFERROR(VLOOKUP($M$3,Calculations!$A$5:$CH$22,62,FALSE),"") -> 0.80769231 | F14: =IFERROR(VLOOKUP($M$3,Calculations!$A$5:$CH$22,63,FALSE),"") -> 0.75700935 | G14: =IFERROR(VLOOKUP($M$3,Calculations!$A$5:$CH$22,64,FALSE),"") -> 0.63539903 | H14: =IFERROR(VLOOKUP($M$3,Calculations!$A$5:$CH$22,65,FALSE),"") -> 0.57894737 | I14: =IFERROR(VLOOKUP($M$3,Calculations!$A$5:$CH$22,66,FALSE),"") -> 0.93478261 | J14: =IF(Config!$B$3="FR",IFERROR(VLOOKUP($M$3,Calculations!$A$5:$CH$22,85,FALSE),""),IF(IFERROR(VLOOKUP($M$3,Calculations!$A$5:$CH$22,85,FALSE),"")="Aucune","None",IFERROR(VLOOKUP($M$3,Calculations!$A$5:$CH$22,85,FALSE),""))) -> None
A15: =IF(Config!$B$3="FR","REGISTRE DE VALIDATION PHYSIQUE Q17","Q17 PHYSICAL VALIDATION LOG") -> Q17 PHYSICAL VALIDATION LOG
A16: =IF(Config!$B$3="FR","Paire","Pair") -> Pair | B16: Q15 | C16: Q16 | D16: =IF(Config!$B$3="FR","Statut essai Q17","Q17 test status") -> Q17 test status | E16: =IF(Config!$B$3="FR","R14 testée (Ω)","Tested R14 (Ω)") -> Tested R14 (Ω) | F16: =IF(Config!$B$3="FR","R15 testée (Ω)","Tested R15 (Ω)") -> Tested R15 (Ω) | G16: Notes essai FR | H16: Test notes EN | I16: =IF(Config!$B$3="FR","État validation","Validation state") -> Validation state
A17: S1 | B17: FQA46N15 | C17: FQA36P15 | D17: NON TESTÉ / NOT TESTED | G17: Configuration historique / défaut. | H17: Historical / default configuration. | I17: =IF(D17="TESTÉ – À ÉVALUER / TESTED – TO REVIEW",IF(Config!$B$3="FR","À ÉVALUER","TO REVIEW"),IF(D17="VALIDÉ / VALIDATED",IF(AND(E17>0,F17>0),IF(Config!$B$3="FR","COMPLÈTE","COMPLETE"),IF(Config!$B$3="FR","INCOMPLÈTE","INCOMPLETE")),IF(D17="REJETÉ / REJECTED",IF(Config!$B$3="FR","REJETÉ","REJECTED"),"—"))) -> — | M17: (S1) FQA46N15/FQA36P15
A18: S3 | B18: IXTQ36N30P | C18: FQA36P15 | D18: VALIDÉ / VALIDATED | E18: 47 | F18: 47 | G18: Test effectué sur PCB 3.0.4. | H18: Test performed on PCB 3.0.4. | I18: =IF(D18="TESTÉ – À ÉVALUER / TESTED – TO REVIEW",IF(Config!$B$3="FR","À ÉVALUER","TO REVIEW"),IF(D18="VALIDÉ / VALIDATED",IF(AND(E18>0,F18>0),IF(Config!$B$3="FR","COMPLÈTE","COMPLETE"),IF(Config!$B$3="FR","INCOMPLÈTE","INCOMPLETE")),IF(D18="REJETÉ / REJECTED",IF(Config!$B$3="FR","REJETÉ","REJECTED"),"—"))) -> COMPLETE | M18: (S3) IXTQ36N30P/FQA36P15
A19: S4 | B19: IXTQ36N30P | C19: IXTQ36P15P | D19: NON TESTÉ / NOT TESTED | G19: Combinaison à valider sur Q17. | H19: Combination to validate on Q17. | I19: =IF(D19="TESTÉ – À ÉVALUER / TESTED – TO REVIEW",IF(Config!$B$3="FR","À ÉVALUER","TO REVIEW"),IF(D19="VALIDÉ / VALIDATED",IF(AND(E19>0,F19>0),IF(Config!$B$3="FR","COMPLÈTE","COMPLETE"),IF(Config!$B$3="FR","INCOMPLÈTE","INCOMPLETE")),IF(D19="REJETÉ / REJECTED",IF(Config!$B$3="FR","REJETÉ","REJECTED"),"—"))) -> — | M19: (S4) IXTQ36N30P/IXTQ36P15P
A20: S5 | B20: FQA46N15 | C20: IXTQ36P15P | D20: TESTÉ – À ÉVALUER / TESTED – TO REVIEW | G20: Combinaison à valider sur Q17. | H20: Combination to validate on Q17. | I20: =IF(D20="TESTÉ – À ÉVALUER / TESTED – TO REVIEW",IF(Config!$B$3="FR","À ÉVALUER","TO REVIEW"),IF(D20="VALIDÉ / VALIDATED",IF(AND(E20>0,F20>0),IF(Config!$B$3="FR","COMPLÈTE","COMPLETE"),IF(Config!$B$3="FR","INCOMPLÈTE","INCOMPLETE")),IF(D20="REJETÉ / REJECTED",IF(Config!$B$3="FR","REJETÉ","REJECTED"),"—"))) -> TO REVIEW | M20: (S5) FQA46N15/IXTQ36P15P
A21: C1 | B21: IXTQ50N20P | C21: IXTQ36P15P | D21: TESTÉ – À ÉVALUER / TESTED – TO REVIEW | G21: Combinaison à valider sur Q17. | H21: Combination to validate on Q17. | I21: =IF(D21="TESTÉ – À ÉVALUER / TESTED – TO REVIEW",IF(Config!$B$3="FR","À ÉVALUER","TO REVIEW"),IF(D21="VALIDÉ / VALIDATED",IF(AND(E21>0,F21>0),IF(Config!$B$3="FR","COMPLÈTE","COMPLETE"),IF(Config!$B$3="FR","INCOMPLÈTE","INCOMPLETE")),IF(D21="REJETÉ / REJECTED",IF(Config!$B$3="FR","REJETÉ","REJECTED"),"—"))) -> TO REVIEW | M21: (C1) IXTQ50N20P/IXTQ36P15P
A22: C3 | B22: IXTQ50N20P | C22: FQA36P15 | D22: TESTÉ – À ÉVALUER / TESTED – TO REVIEW | G22: Combinaison à valider sur Q17. | H22: Combination to validate on Q17. | I22: =IF(D22="TESTÉ – À ÉVALUER / TESTED – TO REVIEW",IF(Config!$B$3="FR","À ÉVALUER","TO REVIEW"),IF(D22="VALIDÉ / VALIDATED",IF(AND(E22>0,F22>0),IF(Config!$B$3="FR","COMPLÈTE","COMPLETE"),IF(Config!$B$3="FR","INCOMPLÈTE","INCOMPLETE")),IF(D22="REJETÉ / REJECTED",IF(Config!$B$3="FR","REJETÉ","REJECTED"),"—"))) -> TO REVIEW | M22: (C3) IXTQ50N20P/FQA36P15
A23: C5 | B23: FQA46N15 | C23: IXTQ26P20P | D23: NON TESTÉ / NOT TESTED | G23: Combinaison à valider sur Q17. | H23: Combination to validate on Q17. | I23: =IF(D23="TESTÉ – À ÉVALUER / TESTED – TO REVIEW",IF(Config!$B$3="FR","À ÉVALUER","TO REVIEW"),IF(D23="VALIDÉ / VALIDATED",IF(AND(E23>0,F23>0),IF(Config!$B$3="FR","COMPLÈTE","COMPLETE"),IF(Config!$B$3="FR","INCOMPLÈTE","INCOMPLETE")),IF(D23="REJETÉ / REJECTED",IF(Config!$B$3="FR","REJETÉ","REJECTED"),"—"))) -> — | M23: (C5) FQA46N15/IXTQ26P20P
A24: C6 | B24: IXTQ36N30P | C24: IXTQ26P20P | D24: NON TESTÉ / NOT TESTED | G24: Combinaison à valider sur Q17. | H24: Combination to validate on Q17. | I24: =IF(D24="TESTÉ – À ÉVALUER / TESTED – TO REVIEW",IF(Config!$B$3="FR","À ÉVALUER","TO REVIEW"),IF(D24="VALIDÉ / VALIDATED",IF(AND(E24>0,F24>0),IF(Config!$B$3="FR","COMPLÈTE","COMPLETE"),IF(Config!$B$3="FR","INCOMPLÈTE","INCOMPLETE")),IF(D24="REJETÉ / REJECTED",IF(Config!$B$3="FR","REJETÉ","REJECTED"),"—"))) -> — | M24: (C6) IXTQ36N30P/IXTQ26P20P
A25: C7 | B25: IXTQ50N20P | C25: IXTQ26P20P | D25: VALIDÉ / VALIDATED | G25: Combinaison à valider sur Q17. | H25: Combination to validate on Q17. | I25: =IF(D25="TESTÉ – À ÉVALUER / TESTED – TO REVIEW",IF(Config!$B$3="FR","À ÉVALUER","TO REVIEW"),IF(D25="VALIDÉ / VALIDATED",IF(AND(E25>0,F25>0),IF(Config!$B$3="FR","COMPLÈTE","COMPLETE"),IF(Config!$B$3="FR","INCOMPLÈTE","INCOMPLETE")),IF(D25="REJETÉ / REJECTED",IF(Config!$B$3="FR","REJETÉ","REJECTED"),"—"))) -> INCOMPLETE | M25: (C7) IXTQ50N20P/IXTQ26P20P
A26: C16 | B26: IXTQ74N20P | C26: FQA36P15 | D26: NON TESTÉ / NOT TESTED | G26: Combinaison à valider sur Q17. | H26: Combination to validate on Q17. | I26: =IF(D26="TESTÉ – À ÉVALUER / TESTED – TO REVIEW",IF(Config!$B$3="FR","À ÉVALUER","TO REVIEW"),IF(D26="VALIDÉ / VALIDATED",IF(AND(E26>0,F26>0),IF(Config!$B$3="FR","COMPLÈTE","COMPLETE"),IF(Config!$B$3="FR","INCOMPLÈTE","INCOMPLETE")),IF(D26="REJETÉ / REJECTED",IF(Config!$B$3="FR","REJETÉ","REJECTED"),"—"))) -> — | M26: (C16) IXTQ74N20P/FQA36P15
A27: C17 | B27: IXTQ74N20P | C27: IXTQ36P15P | D27: NON TESTÉ / NOT TESTED | G27: Combinaison à valider sur Q17. | H27: Combination to validate on Q17. | I27: =IF(D27="TESTÉ – À ÉVALUER / TESTED – TO REVIEW",IF(Config!$B$3="FR","À ÉVALUER","TO REVIEW"),IF(D27="VALIDÉ / VALIDATED",IF(AND(E27>0,F27>0),IF(Config!$B$3="FR","COMPLÈTE","COMPLETE"),IF(Config!$B$3="FR","INCOMPLÈTE","INCOMPLETE")),IF(D27="REJETÉ / REJECTED",IF(Config!$B$3="FR","REJETÉ","REJECTED"),"—"))) -> — | M27: (C17) IXTQ74N20P/IXTQ36P15P
A28: C19 | B28: IXTQ74N20P | C28: IXTQ26P20P | D28: REJETÉ / REJECTED | G28: Combinaison à valider sur Q17. | H28: Combination to validate on Q17. | I28: =IF(D28="TESTÉ – À ÉVALUER / TESTED – TO REVIEW",IF(Config!$B$3="FR","À ÉVALUER","TO REVIEW"),IF(D28="VALIDÉ / VALIDATED",IF(AND(E28>0,F28>0),IF(Config!$B$3="FR","COMPLÈTE","COMPLETE"),IF(Config!$B$3="FR","INCOMPLÈTE","INCOMPLETE")),IF(D28="REJETÉ / REJECTED",IF(Config!$B$3="FR","REJETÉ","REJECTED"),"—"))) -> REJECTED | M28: (C19) IXTQ74N20P/IXTQ26P20P
A29: C20 | B29: FDA38N30 | C29: FQA36P15 | D29: NON TESTÉ / NOT TESTED | G29: Combinaison à valider sur Q17. | H29: Combination to validate on Q17. | I29: =IF(D29="TESTÉ – À ÉVALUER / TESTED – TO REVIEW",IF(Config!$B$3="FR","À ÉVALUER","TO REVIEW"),IF(D29="VALIDÉ / VALIDATED",IF(AND(E29>0,F29>0),IF(Config!$B$3="FR","COMPLÈTE","COMPLETE"),IF(Config!$B$3="FR","INCOMPLÈTE","INCOMPLETE")),IF(D29="REJETÉ / REJECTED",IF(Config!$B$3="FR","REJETÉ","REJECTED"),"—"))) -> — | M29: (C20) FDA38N30/FQA36P15
A30: C21 | B30: FDA38N30 | C30: IXTQ36P15P | D30: NON TESTÉ / NOT TESTED | G30: Combinaison à valider sur Q17. | H30: Combination to validate on Q17. | I30: =IF(D30="TESTÉ – À ÉVALUER / TESTED – TO REVIEW",IF(Config!$B$3="FR","À ÉVALUER","TO REVIEW"),IF(D30="VALIDÉ / VALIDATED",IF(AND(E30>0,F30>0),IF(Config!$B$3="FR","COMPLÈTE","COMPLETE"),IF(Config!$B$3="FR","INCOMPLÈTE","INCOMPLETE")),IF(D30="REJETÉ / REJECTED",IF(Config!$B$3="FR","REJETÉ","REJECTED"),"—"))) -> — | M30: (C21) FDA38N30/IXTQ36P15P
... A34: C25 | B34: STW46NF30 | C34: IXTQ26P20P | D34: NON TESTÉ / NOT TESTED | G34: Combinaison à valider sur Q17. | H34: Combination to validate on Q17. | I34: =IF(D34="TESTÉ – À ÉVALUER / TESTED – TO REVIEW",IF(Config!$B$3="FR","À ÉVALUER","TO REVIEW"),IF(D34="VALIDÉ / VALIDATED",IF(AND(E34>0,F34>0),IF(Config!$B$3="FR","COMPLÈTE","COMPLETE"),IF(Config!$B$3="FR","INCOMPLÈTE","INCOMPLETE")),IF(D34="REJETÉ / REJECTED",IF(Config!$B$3="FR","REJETÉ","REJECTED"),"—"))) -> — | M34: (C25) STW46NF30/IXTQ26P20P
A36: =IF(Config!$B$3="FR","Le statut essai Q17 pilote le moteur. Les notes FR/EN sont uniquement descriptives. Seul VALIDÉ / VALIDATED avec R14 et R15 testées renseignées remplace les valeurs théoriques.","Q17 test status drives the engine. FR/EN notes are descriptive only. Only VALIDÉ / VALIDATED with both tested R14 and R15 filled in overrides the theoretical values.") -> Q17 test status drives the engine. FR/EN notes are descriptive only. Only VALIDÉ / VALIDATED with both tested R14 and R15 filled in overrides the theoretical values.

Sheet Calculations
A1: Q17-Mini — Aptitude MOSFET → Compatibilité Q15/Q16 → R14/R15 initiales
A2: 1.1b2 : le classement principal recherche d’abord une paire intrinsèquement adaptée au current-dumping. R14/R15 n’interviennent qu’ensuite comme réglage secondaire et restent à valider à l’oscilloscope.
A4: Paire | B4: Q15 (N) | C4: Q16 (P) | D4: Statut essai Q17 | E4: R14 testée | F4: R15 testée | G4: Note essai affichée | H4: Vdss N | I4: Vdss P | J4: Idmax N | K4: Idmax P | L4: Ciss N | M4: Ciss P | N4: Coss N | O4: Coss P | P4: Crss N | Q4: Crss P | R4: gfs N | S4: gfs P | T4: Id@gfs N | U4: Id@gfs P | V4: Rg int N | W4: Rg int P | X4: Qg N | Y4: Qg P | Z4: VGS N | AA4: VGS P | AB4: gm N | AC4: gm P | AD4: f0 N MHz | AE4: f0 P MHz | AF4: Rneg N | AG4: Rneg P | AH4: Rmin N | AI4: Rmin P | AJ4: E24 min N | AK4: E24 min P | AL4: fGate max N MHz | AM4: fGate max P MHz | AN4: f cible paire MHz | AO4: R14 idéale | AP4: R15 idéale | AQ4: R14 théorique E24 | AR4: R15 théorique E24 | AS4: Ceff N pF | AT4: Ceff P pF | AU4: Rmax N | AV4: Rmax P | AW4: E24 max N | AX4: E24 max P | AY4: R14 cible E24 | AZ4: R15 cible E24 | BA4: Cible valide | BB4: R14 initiale | BC4: R15 initiale | BD4: Origine | BE4: Écart N/P Rgate (Ceff ref) | BF4: Aptitude Q15 | BG4: Aptitude Q16 | BH4: Compatibilité Q17 | BI4: Score profil Ceff | BJ4: Sim. Qgd | BK4: Sim. Qg | BL4: Sim. gm | BM4: Sim. Crss | BN4: Sim. VGS | BO4: Indice compatibilité paire | BP4: Note paire | BQ4: Qgd N | BR4: Qgd P | BS4: Ceff N Av0 | BT4: Ceff P Av0 | BU4: Ceff N Av0.5 | BV4: Ceff P Av0.5 | BW4: Ceff N Av0.95 | BX4: Ceff P Av0.95 | BY4: Sim. Ceff Av0 | BZ4: Sim. Ceff Av0.5 | CA4: Sim. Ceff Av0.95 | CB4: Ceff N Av ref | CC4: Ceff P Av ref | CD4: Classe théorique | CE4: Équilibre Rgate | CF4: Nb alertes | CG4: Alertes | CH4: Retour essai Q17
A5: S1 | B5: FQA46N15 | C5: FQA36P15 | D5: =IFERROR(VLOOKUP(A5,Selection!$A$17:$I$28,4,FALSE),"NON TESTÉ / NOT TESTED") -> NON TESTÉ / NOT TESTED | E5: =IFERROR(VLOOKUP(A5,Selection!$A$17:$I$28,5,FALSE),"") -> 0 | F5: =IFERROR(VLOOKUP(A5,Selection!$A$17:$I$28,6,FALSE),"") -> 0 | G5: =IF(Config!$B$3="FR",IFERROR(T(VLOOKUP(A5,Selection!$A$17:$I$28,7,FALSE)),""),IF(IFERROR(T(VLOOKUP(A5,Selection!$A$17:$I$28,8,FALSE)),"")<>"",IFERROR(T(VLOOKUP(A5,Selection!$A$17:$I$28,8,FALSE)),""),IFERROR(T(VLOOKUP(A5,Selection!$A$17:$I$28,7,FALSE)),""))) -> Historical / default configuration. | H5: =IFERROR(VLOOKUP($B5,MOSFET!$A$2:$Q$11,5,FALSE),"") -> 150 | I5: =IFERROR(VLOOKUP($C5,MOSFET!$A$2:$Q$11,5,FALSE),"") -> 150 | J5: =IFERROR(VLOOKUP($B5,MOSFET!$A$2:$Q$11,6,FALSE),"") -> 50 | K5: =IFERROR(VLOOKUP($C5,MOSFET!$A$2:$Q$11,6,FALSE),"") -> 36 | L5: =IFERROR(VLOOKUP($B5,MOSFET!$A$2:$Q$11,7,FALSE),"") -> 2500 | M5: =IFERROR(VLOOKUP($C5,MOSFET!$A$2:$Q$11,7,FALSE),"") -> 2550 | N5: =IFERROR(VLOOKUP($B5,MOSFET!$A$2:$Q$11,8,FALSE),"") -> 520 | O5: =IFERROR(VLOOKUP($C5,MOSFET!$A$2:$Q$11,8,FALSE),"") -> 710 | P5: =IFERROR(VLOOKUP($B5,MOSFET!$A$2:$Q$11,9,FALSE),"") -> 100 | Q5: =IFERROR(VLOOKUP($C5,MOSFET!$A$2:$Q$11,9,FALSE),"") -> 110 | R5: =IFERROR(VLOOKUP($B5,MOSFET!$A$2:$Q$11,10,FALSE),"") -> 36 | S5: =IFERROR(VLOOKUP($C5,MOSFET!$A$2:$Q$11,10,FALSE),"") -> 19.5 | T5: =IFERROR(VLOOKUP($B5,MOSFET!$A$2:$Q$11,11,FALSE),"") -> 25 | U5: =IFERROR(VLOOKUP($C5,MOSFET!$A$2:$Q$11,11,FALSE),"") -> 18 | V5: =IFERROR(VLOOKUP($B5,MOSFET!$A$2:$Q$11,12,FALSE),0) -> 0 | W5: =IFERROR(VLOOKUP($C5,MOSFET!$A$2:$Q$11,12,FALSE),0) -> 0 | X5: =IFERROR(VLOOKUP($B5,MOSFET!$A$2:$Q$11,13,FALSE),"") -> 85 | Y5: =IFERROR(VLOOKUP($C5,MOSFET!$A$2:$Q$11,13,FALSE),"") -> 81 | Z5: =IFERROR(VLOOKUP($B5,MOSFET!$A$2:$Q$11,16,FALSE),"") -> 4.2 | AA5: =IFERROR(VLOOKUP($C5,MOSFET!$A$2:$Q$11,16,FALSE),"") -> 4.3 | AB5: =IFERROR(R5*SQRT(Config!$B$13/T5),"") -> 12.727922 | AC5: =IFERROR(S5*SQRT(Config!$B$13/U5),"") -> 8.125 | AD5: =IFERROR((1/(2*PI()))*SQRT((1+AB5*Config!$B$12)/(Config!$B$14*0.000000001*L5*0.000000000001))/1000000,"") -> 186.35259 | AE5: =IFERROR((1/(2*PI()))*SQRT((1+AC5*Config!$B$12)/(Config!$B$14*0.000000001*M5*0.000000000001))/1000000,"") -> 147.82959 | AF5: =IFERROR((AB5*N5*Config!$B$12^2/L5)/(1+(2*PI()*AD5*1000000*N5*0.000000000001*Config!$B$12)^2),"") -> 6.852577 | AG5: =IFERROR((AC5*O5*Config!$B$12^2/M5)/(1+(2*PI()*AE5*1000000*O5*0.000000000001*Config!$B$12)^2),"") -> 5.0212656 | AH5: =IF(AF5="","",MAX(0,Config!$B$16*AF5-V5-Config!$B$15)) -> 9.5936078 | AI5: =IF(AG5="","",MAX(0,Config!$B$16*AG5-W5-Config!$B$15)) -> 7.0297718 | AJ5: =IF(AH5="","",IF(AH5<=10,10,IF(AH5>=10000,10000,IF(VLOOKUP(AH5,Notes!$F$2:$G$74,1,TRUE)=AH5,AH5,VLOOKUP(AH5,Notes!$F$2:$G$74,2,TRUE))))) -> 10 | AK5: =IF(AI5="","",IF(AI5<=10,10,IF(AI5>=10000,10000,IF(VLOOKUP(AI5,Notes!$F$2:$G$74,1,TRUE)=AI5,AI5,VLOOKUP(AI5,Notes!$F$2:$G$74,2,TRUE))))) -> 10 | AL5: =IFERROR(1/(2*PI()*AJ5*L5*0.000000000001)/1000000,"") -> 6.3661977 | AM5: =IFERROR(1/(2*PI()*AK5*M5*0.000000000001)/1000000,"") -> 6.2413703 | AN5: =IF(OR(AL5="",AM5=""),"",MIN(AL5,AM5)) -> 6.2413703 | AO5: =IFERROR(1/(2*PI()*AN5*1000000*L5*0.000000000001),"") -> 10.2 | AP5: =IFERROR(1/(2*PI()*AN5*1000000*M5*0.000000000001),"") -> 10 | AQ5: =IF(AO5="","",IF(MAX(AH5,AO5)<=10,10,IF(MAX(AH5,AO5)>=10000,10000,IF(VLOOKUP(MAX(AH5,AO5),Notes!$F$2:$G$74,1,TRUE)=MAX(AH5,AO5),MAX(AH5,AO5),VLOOKUP(MAX(AH5,AO5),Notes!$F$2:$G$74,2,TRUE))))) -> 11 | AR5: =IF(AP5="","",IF(MAX(AI5,AP5)<=10,10,IF(MAX(AI5,AP5)>=10000,10000,IF(VLOOKUP(MAX(AI5,AP5),Notes!$F$2:$G$74,1,TRUE)=MAX(AI5,AP5),MAX(AI5,AP5),VLOOKUP(MAX(AI5,AP5),Notes!$F$2:$G$74,2,TRUE))))) -> 10 | AS5: =IFERROR(P5+(L5-P5)/(1+AB5*Config!$B$12),"") -> 123.341 | AT5: =IFERROR(Q5+(M5-Q5)/(1+AC5*Config!$B$12),"") -> 146.9697 | AU5: =IFERROR(MAX(0,MIN(TAN(RADIANS(Config!$B$21))/(2*PI()*Config!$B$20*1000*AS5*0.000000000001)-V5-Config!$B$15,SQRT(10^(Config!$B$22/10)-1)/(2*PI()*Config!$B$20*1000*AS5*0.000000000001)-V5-Config!$B$15)),"") -> 1128.9234 | AV5: =IFERROR(MAX(0,MIN(TAN(RADIANS(Config!$B$21))/(2*PI()*Config!$B$20*1000*AT5*0.000000000001)-W5-Config!$B$15,SQRT(10^(Config!$B$22/10)-1)/(2*PI()*Config!$B$20*1000*AT5*0.000000000001)-W5-Config!$B$15)),"") -> 947.42342 | AW5: =IF(AU5="","",IF(AU5<10,"<10",IF(AU5>=10000,10000,VLOOKUP(AU5,Notes!$F$2:$G$74,1,TRUE)))) -> 1100 | AX5: =IF(AV5="","",IF(AV5<10,"<10",IF(AV5>=10000,10000,VLOOKUP(AV5,Notes!$F$2:$G$74,1,TRUE)))) -> 910 | AY5: =IFERROR(IF((IF(Config!$B$8="R14",Config!$B$9,Config!$B$9*CC5/CB5))<=10,10,IF((IF(Config!$B$8="R14",Config!$B$9,Config!$B$9*CC5/CB5))>=10000,10000,IF(ABS((IF(Config!$B$8="R14",Config!$B$9,Config!$B$9*CC5/CB5))-VLOOKUP((IF(Config!$B$8="R14",Config!$B$9,Config!$B$9*CC5/CB5)),Notes!$F$2:$G$74,1,TRUE))<=ABS(VLOOKUP((IF(Config!$B$8="R14",Config!$B$9,Config!$B$9*CC5/CB5)),Notes!$F$2:$G$74,2,TRUE)-(IF(Config!$B$8="R14",Config!$B$9,Config!$B$9*CC5/CB5))),VLOOKUP((IF(Config!$B$8="R14",Config!$B$9,Config!$B$9*CC5/CB5)),Notes!$F$2:$G$74,1,TRUE),VLOOKUP((IF(Config!$B$8="R14",Config!$B$9,Config!$B$9*CC5/CB5)),Notes!$F$2:$G$74,2,TRUE)))),"") -> 100 | AZ5: =IFERROR(IF((IF(Config!$B$8="R15",Config!$B$9,Config!$B$9*CB5/CC5))<=10,10,IF((IF(Config!$B$8="R15",Config!$B$9,Config!$B$9*CB5/CC5))>=10000,10000,IF(ABS((IF(Config!$B$8="R15",Config!$B$9,Config!$B$9*CB5/CC5))-VLOOKUP((IF(Config!$B$8="R15",Config!$B$9,Config!$B$9*CB5/CC5)),Notes!$F$2:$G$74,1,TRUE))<=ABS(VLOOKUP((IF(Config!$B$8="R15",Config!$B$9,Config!$B$9*CB5/CC5)),Notes!$F$2:$G$74,2,TRUE)-(IF(Config!$B$8="R15",Config!$B$9,Config!$B$9*CB5/CC5))),VLOOKUP((IF(Config!$B$8="R15",Config!$B$9,Config!$B$9*CB5/CC5)),Notes!$F$2:$G$74,1,TRUE),VLOOKUP((IF(Config!$B$8="R15",Config!$B$9,Config!$B$9*CB5/CC5)),Notes!$F$2:$G$74,2,TRUE)))),"") -> 100 | BA5: =IF(OR(AW5="<10",AX5="<10"),"NO",IF(AND(AY5>=AJ5,AY5<=AW5,AZ5>=AK5,AZ5<=AX5,ABS(1/(AY5*L5)-1/(AZ5*M5))/MIN(1/(AY5*L5),1/(AZ5*M5))<=Config!$B$19),"YES","NO")) -> YES | BB5: =IF(AND(D5="VALIDÉ / VALIDATED",E5>0,F5>0),E5,IF(BA5="YES",AY5,AQ5)) -> 100 | BC5: =IF(AND(D5="VALIDÉ / VALIDATED",E5>0,F5>0),F5,IF(BA5="YES",AZ5,AR5)) -> 100 | BD5: =IF(AND(D5="VALIDÉ / VALIDATED",E5>0,F5>0),_xlfn.CONCAT("TEST Q",17),IF(BA5="YES","CIBLE INITIALE","CALCUL THÉORIQUE INITIAL")) -> CIBLE INITIALE | BE5: =IFERROR(ABS(BB5*CB5-BC5*CC5)/MIN(BB5*CB5,BC5*CC5),"") -> 0.023076923 | BF5: =IF(B5="","",IF(VLOOKUP(B5,MOSFET!$A$2:$Q$11,2,FALSE)<>"N","NON – canal",IF(H5<2*Config!$B$11*Config!$B$17,"NON – Vdss",IF(J5<Config!$B$13*Config!$B$18,"NON – Id",IF(L5>Config!$B$23,"NON – Ciss",IF(OR(L5="",P5="",X5="",BQ5="",R5="",T5="",Z5=""),"DONNÉES À COMPLÉTER","OK")))))) -> OK | BG5: =IF(C5="","",IF(VLOOKUP(C5,MOSFET!$A$2:$Q$11,2,FALSE)<>"P","NON – canal",IF(I5<2*Config!$B$11*Config!$B$17,"NON – Vdss",IF(K5<Config!$B$13*Config!$B$18,"NON – Id",IF(M5>Config!$B$23,"NON – Ciss",IF(OR(M5="",Q5="",Y5="",BR5="",S5="",U5="",AA5=""),"DONNÉES À COMPLÉTER","OK")))))) -> OK | BH5: =IF(OR(BF5<>"OK",BG5<>"OK"),"NON – aptitude MOSFET",IF(AND(D5="VALIDÉ / VALIDATED",E5>0,F5>0),_xlfn.CONCAT("OUI – Q",17," confirmé"),IF(BO5>=0.82,"OUI – paire prioritaire / test scope requis",IF(BO5>=0.74,"OUI – paire acceptable / test scope requis","À ÉVALUER – compatibilité faible")))) -> OUI – paire prioritaire / test scope requis | BI5: =IFERROR((Config!$B$34*BY5+Config!$B$35*BZ5+Config!$B$36*CA5)/Config!$B$37,"") -> 0.96651365 | BJ5: =IFERROR(MIN(BQ5,BR5)/MAX(BQ5,BR5),"") -> 0.97619048 | BK5: =IFERROR(MIN(X5,Y5)/MAX(X5,Y5),"") -> 0.95294118 | BL5: =IFERROR(MIN(AB5,AC5)/MAX(AB5,AC5),"") -> 0.63836029 | BM5: =IFERROR(MIN(P5,Q5)/MAX(P5,Q5),"") -> 0.90909091 | BN5: =IFERROR(MIN(Z5,AA5)/MAX(Z5,AA5),"") -> 0.97674419 | BO5: =IFERROR((Config!$B$25*BI5+Config!$B$26*BJ5+Config!$B$27*BK5+Config!$B$28*BL5+Config!$B$29*BM5+Config!$B$30*BN5)/Config!$B$31,"") -> 0.91247092 | BP5: =IF(OR(BF5<>"OK",BG5<>"OK"),1,IF(BO5>=0.9,5,IF(BO5>=0.82,4,IF(BO5>=0.74,3,IF(BO5>=0.66,2,1))))) -> 5 | BQ5: =IFERROR(VLOOKUP($B5,MOSFET!$A$2:$Q$11,14,FALSE),"") -> 41 | BR5: =IFERROR(VLOOKUP($C5,MOSFET!$A$2:$Q$11,14,FALSE),"") -> 42 | BS5: =IFERROR(P5+(L5-P5)*(1-0),"") -> 2500 | BT5: =IFERROR(Q5+(M5-Q5)*(1-0),"") -> 2550 | BU5: =IFERROR(P5+(L5-P5)*(1-0.5),"") -> 1300 | BV5: =IFERROR(Q5+(M5-Q5)*(1-0.5),"") -> 1330 | BW5: =IFERROR(P5+(L5-P5)*(1-0.95),"") -> 220 | BX5: =IFERROR(Q5+(M5-Q5)*(1-0.95),"") -> 232 | BY5: =IFERROR(MIN(BS5,BT5)/MAX(BS5,BT5),"") -> 0.98039216 | BZ5: =IFERROR(MIN(BU5,BV5)/MAX(BU5,BV5),"") -> 0.97744361 | CA5: =IFERROR(MIN(BW5,BX5)/MAX(BW5,BX5),"") -> 0.94827586 | CB5: =IFERROR(P5+(L5-P5)*(1-Config!$B$39),"") -> 1300 | CC5: =IFERROR(Q5+(M5-Q5)*(1-Config!$B$39),"") -> 1330 | CD5: =IF(OR(BF5<>"OK",BG5<>"OK"),"X – INADAPTÉ",IF(AND(BI5>=Config!$B$42,CE5>=Config!$B$43,CF5=0),"A – TRÈS BON CANDIDAT",IF(AND(BI5>=Config!$B$44,CE5>=Config!$B$45,CF5=0),"B – BON CANDIDAT","C – À ÉTUDIER"))) -> A – TRÈS BON CANDIDAT | CE5: =IFERROR(MIN(AY5,AZ5)/MAX(AY5,AZ5),"") -> 1 | CF5: =--(BJ5<Config!$B$46)+--(BK5<Config!$B$47)+--(BL5<Config!$B$47)+--(BM5<Config!$B$47)+--(BN5<Config!$B$48) -> 0 | CG5: =IF(CF5=0,"Aucune",IF(BJ5<Config!$B$46,"Qgd; ","")&IF(BK5<Config!$B$47,"Qg; ","")&IF(BL5<Config!$B$47,"gm; ","")&IF(BM5<Config!$B$47,"Crss; ","")&IF(BN5<Config!$B$48,"VGS; ","")) -> Aucune | CH5: =IF(D5="VALIDÉ / VALIDATED",IF(AND(E5>0,F5>0),"VALIDÉ R14/R15","VALIDATION INCOMPLÈTE"),IF(D5="TESTÉ – À ÉVALUER / TESTED – TO REVIEW","TESTÉ – À ÉVALUER",IF(D5="REJETÉ / REJECTED","REJETÉ","NON TESTÉ"))) -> NON TESTÉ
A6: S3 | B6: IXTQ36N30P | C6: FQA36P15 | D6: =IFERROR(VLOOKUP(A6,Selection!$A$17:$I$28,4,FALSE),"NON TESTÉ / NOT TESTED") -> VALIDÉ / VALIDATED | E6: =IFERROR(VLOOKUP(A6,Selection!$A$17:$I$28,5,FALSE),"") -> 47 | F6: =IFERROR(VLOOKUP(A6,Selection!$A$17:$I$28,6,FALSE),"") -> 47 | G6: =IF(Config!$B$3="FR",IFERROR(T(VLOOKUP(A6,Selection!$A$17:$I$28,7,FALSE)),""),IF(IFERROR(T(VLOOKUP(A6,Selection!$A$17:$I$28,8,FALSE)),"")<>"",IFERROR(T(VLOOKUP(A6,Selection!$A$17:$I$28,8,FALSE)),""),IFERROR(T(VLOOKUP(A6,Selection!$A$17:$I$28,7,FALSE)),""))) -> Test performed on PCB 3.0.4. | H6: =IFERROR(VLOOKUP($B6,MOSFET!$A$2:$Q$11,5,FALSE),"") -> 300 | I6: =IFERROR(VLOOKUP($C6,MOSFET!$A$2:$Q$11,5,FALSE),"") -> 150 | J6: =IFERROR(VLOOKUP($B6,MOSFET!$A$2:$Q$11,6,FALSE),"") -> 36 | K6: =IFERROR(VLOOKUP($C6,MOSFET!$A$2:$Q$11,6,FALSE),"") -> 36 | L6: =IFERROR(VLOOKUP($B6,MOSFET!$A$2:$Q$11,7,FALSE),"") -> 2250 | M6: =IFERROR(VLOOKUP($C6,MOSFET!$A$2:$Q$11,7,FALSE),"") -> 2550 | N6: =IFERROR(VLOOKUP($B6,MOSFET!$A$2:$Q$11,8,FALSE),"") -> 370 | O6: =IFERROR(VLOOKUP($C6,MOSFET!$A$2:$Q$11,8,FALSE),"") -> 710 | P6: =IFERROR(VLOOKUP($B6,MOSFET!$A$2:$Q$11,9,FALSE),"") -> 90 | Q6: =IFERROR(VLOOKUP($C6,MOSFET!$A$2:$Q$11,9,FALSE),"") -> 110 | R6: =IFERROR(VLOOKUP($B6,MOSFET!$A$2:$Q$11,10,FALSE),"") -> 22 | S6: =IFERROR(VLOOKUP($C6,MOSFET!$A$2:$Q$11,10,FALSE),"") -> 19.5 | T6: =IFERROR(VLOOKUP($B6,MOSFET!$A$2:$Q$11,11,FALSE),"") -> 18 | U6: =IFERROR(VLOOKUP($C6,MOSFET!$A$2:$Q$11,11,FALSE),"") -> 18 | V6: =IFERROR(VLOOKUP($B6,MOSFET!$A$2:$Q$11,12,FALSE),0) -> 0 | W6: =IFERROR(VLOOKUP($C6,MOSFET!$A$2:$Q$11,12,FALSE),0) -> 0 | X6: =IFERROR(VLOOKUP($B6,MOSFET!$A$2:$Q$11,13,FALSE),"") -> 70 | Y6: =IFERROR(VLOOKUP($C6,MOSFET!$A$2:$Q$11,13,FALSE),"") -> 81 | Z6: =IFERROR(VLOOKUP($B6,MOSFET!$A$2:$Q$11,16,FALSE),"") -> 5.7 | AA6: =IFERROR(VLOOKUP($C6,MOSFET!$A$2:$Q$11,16,FALSE),"") -> 4.3 | AB6: =IFERROR(R6*SQRT(Config!$B$13/T6),"") -> 9.1666667 | AC6: =IFERROR(S6*SQRT(Config!$B$13/U6),"") -> 8.125 | AD6: =IFERROR((1/(2*PI()))*SQRT((1+AB6*Config!$B$12)/(Config!$B$14*0.000000001*L6*0.000000000001))/1000000,"") -> 167.01676 | AE6: =IFERROR((1/(2*PI()))*SQRT((1+AC6*Config!$B$12)/(Config!$B$14*0.000000001*M6*0.000000000001))/1000000,"") -> 147.82959 | AF6: =IFERROR((AB6*N6*Config!$B$12^2/L6)/(1+(2*PI()*AD6*1000000*N6*0.000000000001*Config!$B$12)^2),"") -> 9.0598092 | AG6: =IFERROR((AC6*O6*Config!$B$12^2/M6)/(1+(2*PI()*AE6*1000000*O6*0.000000000001*Config!$B$12)^2),"") -> 5.0212656 | AH6: =IF(AF6="","",MAX(0,Config!$B$16*AF6-V6-Config!$B$15)) -> 12.683733 | AI6: =IF(AG6="","",MAX(0,Config!$B$16*AG6-W6-Config!$B$15)) -> 7.0297718 | AJ6: =IF(AH6="","",IF(AH6<=10,10,IF(AH6>=10000,10000,IF(VLOOKUP(AH6,Notes!$F$2:$G$74,1,TRUE)=AH6,AH6,VLOOKUP(AH6,Notes!$F$2:$G$74,2,TRUE))))) -> 13 | AK6: =IF(AI6="","",IF(AI6<=10,10,IF(AI6>=10000,10000,IF(VLOOKUP(AI6,Notes!$F$2:$G$74,1,TRUE)=AI6,AI6,VLOOKUP(AI6,Notes!$F$2:$G$74,2,TRUE))))) -> 10 | AL6: =IFERROR(1/(2*PI()*AJ6*L6*0.000000000001)/1000000,"") -> 5.4411946 | AM6: =IFERROR(1/(2*PI()*AK6*M6*0.000000000001)/1000000,"") -> 6.2413703 | AN6: =IF(OR(AL6="",AM6=""),"",MIN(AL6,AM6)) -> 5.4411946 | AO6: =IFERROR(1/(2*PI()*AN6*1000000*L6*0.000000000001),"") -> 13 | AP6: =IFERROR(1/(2*PI()*AN6*1000000*M6*0.000000000001),"") -> 11.470588 | AQ6: =IF(AO6="","",IF(MAX(AH6,AO6)<=10,10,IF(MAX(AH6,AO6)>=10000,10000,IF(VLOOKUP(MAX(AH6,AO6),Notes!$F$2:$G$74,1,TRUE)=MAX(AH6,AO6),MAX(AH6,AO6),VLOOKUP(MAX(AH6,AO6),Notes!$F$2:$G$74,2,TRUE))))) -> 13 | AR6: =IF(AP6="","",IF(MAX(AI6,AP6)<=10,10,IF(MAX(AI6,AP6)>=10000,10000,IF(VLOOKUP(MAX(AI6,AP6),Notes!$F$2:$G$74,1,TRUE)=MAX(AI6,AP6),MAX(AI6,AP6),VLOOKUP(MAX(AI6,AP6),Notes!$F$2:$G$74,2,TRUE))))) -> 12 | AS6: =IFERROR(P6+(L6-P6)/(1+AB6*Config!$B$12),"") -> 119.0583 | AT6: =IFERROR(Q6+(M6-Q6)/(1+AC6*Config!$B$12),"") -> 146.9697 | AU6: =IFERROR(MAX(0,MIN(TAN(RADIANS(Config!$B$21))/(2*PI()*Config!$B$20*1000*AS6*0.000000000001)-V6-Config!$B$15,SQRT(10^(Config!$B$22/10)-1)/(2*PI()*Config!$B$20*1000*AS6*0.000000000001)-V6-Config!$B$15)),"") -> 1169.5324 | AV6: =IFERROR(MAX(0,MIN(TAN(RADIANS(Config!$B$21))/(2*PI()*Config!$B$20*1000*AT6*0.000000000001)-W6-Config!$B$15,SQRT(10^(Config!$B$22/10)-1)/(2*PI()*Config!$B$20*1000*AT6*0.000000000001)-W6-Config!$B$15)),"") -> 947.42342 | AW6: =IF(AU6="","",IF(AU6<10,"<10",IF(AU6>=10000,10000,VLOOKUP(AU6,Notes!$F$2:$G$74,1,TRUE)))) -> 1100 | AX6: =IF(AV6="","",IF(AV6<10,"<10",IF(AV6>=10000,10000,VLOOKUP(AV6,Notes!$F$2:$G$74,1,TRUE)))) -> 910 | AY6: =IFERROR(IF((IF(Config!$B$8="R14",Config!$B$9,Config!$B$9*CC6/CB6))<=10,10,IF((IF(Config!$B$8="R14",Config!$B$9,Config!$B$9*CC6/CB6))>=10000,10000,IF(ABS((IF(Config!$B$8="R14",Config!$B$9,Config!$B$9*CC6/CB6))-VLOOKUP((IF(Config!$B$8="R14",Config!$B$9,Config!$B$9*CC6/CB6)),Notes!$F$2:$G$74,1,TRUE))<=ABS(VLOOKUP((IF(Config!$B$8="R14",Config!$B$9,Config!$B$9*CC6/CB6)),Notes!$F$2:$G$74,2,TRUE)-(IF(Config!$B$8="R14",Config!$B$9,Config!$B$9*CC6/CB6))),VLOOKUP((IF(Config!$B$8="R14",Config!$B$9,Config!$B$9*CC6/CB6)),Notes!$F$2:$G$74,1,TRUE),VLOOKUP((IF(Config!$B$8="R14",Config!$B$9,Config!$B$9*CC6/CB6)),Notes!$F$2:$G$74,2,TRUE)))),"") -> 100 | AZ6: =IFERROR(IF((IF(Config!$B$8="R15",Config!$B$9,Config!$B$9*CB6/CC6))<=10,10,IF((IF(Config!$B$8="R15",Config!$B$9,Config!$B$9*CB6/CC6))>=10000,10000,IF(ABS((IF(Config!$B$8="R15",Config!$B$9,Config!$B$9*CB6/CC6))-VLOOKUP((IF(Config!$B$8="R15",Config!$B$9,Config!$B$9*CB6/CC6)),Notes!$F$2:$G$74,1,TRUE))<=ABS(VLOOKUP((IF(Config!$B$8="R15",Config!$B$9,Config!$B$9*CB6/CC6)),Notes!$F$2:$G$74,2,TRUE)-(IF(Config!$B$8="R15",Config!$B$9,Config!$B$9*CB6/CC6))),VLOOKUP((IF(Config!$B$8="R15",Config!$B$9,Config!$B$9*CB6/CC6)),Notes!$F$2:$G$74,1,TRUE),VLOOKUP((IF(Config!$B$8="R15",Config!$B$9,Config!$B$9*CB6/CC6)),Notes!$F$2:$G$74,2,TRUE)))),"") -> 91 | BA6: =IF(OR(AW6="<10",AX6="<10"),"NO",IF(AND(AY6>=AJ6,AY6<=AW6,AZ6>=AK6,AZ6<=AX6,ABS(1/(AY6*L6)-1/(AZ6*M6))/MIN(1/(AY6*L6),1/(AZ6*M6))<=Config!$B$19),"YES","NO")) -> YES | BB6: =IF(AND(D6="VALIDÉ / VALIDATED",E6>0,F6>0),E6,IF(BA6="YES",AY6,AQ6)) -> 47 | BC6: =IF(AND(D6="VALIDÉ / VALIDATED",E6>0,F6>0),F6,IF(BA6="YES",AZ6,AR6)) -> 47 | BD6: =IF(AND(D6="VALIDÉ / VALIDATED",E6>0,F6>0),_xlfn.CONCAT("TEST Q",17),IF(BA6="YES","CIBLE INITIALE","CALCUL THÉORIQUE INITIAL")) -> TEST Q17 | BE6: =IFERROR(ABS(BB6*CB6-BC6*CC6)/MIN(BB6*CB6,BC6*CC6),"") -> 0.13675214 | BF6: =IF(B6="","",IF(VLOOKUP(B6,MOSFET!$A$2:$Q$11,2,FALSE)<>"N","NON – canal",IF(H6<2*Config!$B$11*Config!$B$17,"NON – Vdss",IF(J6<Config!$B$13*Config!$B$18,"NON – Id",IF(L6>Config!$B$23,"NON – Ciss",IF(OR(L6="",P6="",X6="",BQ6="",R6="",T6="",Z6=""),"DONNÉES À COMPLÉTER","OK")))))) -> OK | BG6: =IF(C6="","",IF(VLOOKUP(C6,MOSFET!$A$2:$Q$11,2,FALSE)<>"P","NON – canal",IF(I6<2*Config!$B$11*Config!$B$17,"NON – Vdss",IF(K6<Config!$B$13*Config!$B$18,"NON – Id",IF(M6>Config!$B$23,"NON – Ciss",IF(OR(M6="",Q6="",Y6="",BR6="",S6="",U6="",AA6=""),"DONNÉES À COMPLÉTER","OK")))))) -> OK | BH6: =IF(OR(BF6<>"OK",BG6<>"OK"),"NON – aptitude MOSFET",IF(AND(D6="VALIDÉ / VALIDATED",E6>0,F6>0),_xlfn.CONCAT("OUI – Q",17," confirmé"),IF(BO6>=0.82,"OUI – paire prioritaire / test scope requis",IF(BO6>=0.74,"OUI – paire acceptable / test scope requis","À ÉVALUER – compatibilité faible")))) -> OUI – Q17 confirmé | BI6: =IFERROR((Config!$B$34*BY6+Config!$B$35*BZ6+Config!$B$36*CA6)/Config!$B$37,"") -> 0.86986228 | BJ6: =IFERROR(MIN(BQ6,BR6)/MAX(BQ6,BR6),"") -> 0.83333333 | BK6: =IFERROR(MIN(X6,Y6)/MAX(X6,Y6),"") -> 0.86419753 | BL6: =IFERROR(MIN(AB6,AC6)/MAX(AB6,AC6),"") -> 0.88636364 | BM6: =IFERROR(MIN(P6,Q6)/MAX(P6,Q6),"") -> 0.81818182 | BN6: =IFERROR(MIN(Z6,AA6)/MAX(Z6,AA6),"") -> 0.75438596 | BO6: =IFERROR((Config!$B$25*BI6+Config!$B$26*BJ6+Config!$B$27*BK6+Config!$B$28*BL6+Config!$B$29*BM6+Config!$B$30*BN6)/Config!$B$31,"") -> 0.8474663 | BP6: =IF(OR(BF6<>"OK",BG6<>"OK"),1,IF(BO6>=0.9,5,IF(BO6>=0.82,4,IF(BO6>=0.74,3,IF(BO6>=0.66,2,1))))) -> 4 | BQ6: =IFERROR(VLOOKUP($B6,MOSFET!$A$2:$Q$11,14,FALSE),"") -> 35 | BR6: =IFERROR(VLOOKUP($C6,MOSFET!$A$2:$Q$11,14,FALSE),"") -> 42 | BS6: =IFERROR(P6+(L6-P6)*(1-0),"") -> 2250 | BT6: =IFERROR(Q6+(M6-Q6)*(1-0),"") -> 2550 | BU6: =IFERROR(P6+(L6-P6)*(1-0.5),"") -> 1170 | BV6: =IFERROR(Q6+(M6-Q6)*(1-0.5),"") -> 1330 | BW6: =IFERROR(P6+(L6-P6)*(1-0.95),"") -> 198 | BX6: =IFERROR(Q6+(M6-Q6)*(1-0.95),"") -> 232 | BY6: =IFERROR(MIN(BS6,BT6)/MAX(BS6,BT6),"") -> 0.88235294 | BZ6: =IFERROR(MIN(BU6,BV6)/MAX(BU6,BV6),"") -> 0.87969925 | CA6: =IFERROR(MIN(BW6,BX6)/MAX(BW6,BX6),"") -> 0.85344828 | CB6: =IFERROR(P6+(L6-P6)*(1-Config!$B$39),"") -> 1170 | CC6: =IFERROR(Q6+(M6-Q6)*(1-Config!$B$39),"") -> 1330 | CD6: =IF(OR(BF6<>"OK",BG6<>"OK"),"X – INADAPTÉ",IF(AND(BI6>=Config!$B$42,CE6>=Config!$B$43,CF6=0),"A – TRÈS BON CANDIDAT",IF(AND(BI6>=Config!$B$44,CE6>=Config!$B$45,CF6=0),"B – BON CANDIDAT","C – À ÉTUDIER"))) -> A – TRÈS BON CANDIDAT | CE6: =IFERROR(MIN(AY6,AZ6)/MAX(AY6,AZ6),"") -> 0.91 | CF6: =--(BJ6<Config!$B$46)+--(BK6<Config!$B$47)+--(BL6<Config!$B$47)+--(BM6<Config!$B$47)+--(BN6<Config!$B$48) -> 0 | CG6: =IF(CF6=0,"Aucune",IF(BJ6<Config!$B$46,"Qgd; ","")&IF(BK6<Config!$B$47,"Qg; ","")&IF(BL6<Config!$B$47,"gm; ","")&IF(BM6<Config!$B$47,"Crss; ","")&IF(BN6<Config!$B$48,"VGS; ","")) -> Aucune | CH6: =IF(D6="VALIDÉ / VALIDATED",IF(AND(E6>0,F6>0),"VALIDÉ R14/R15","VALIDATION INCOMPLÈTE"),IF(D6="TESTÉ – À ÉVALUER / TESTED – TO REVIEW","TESTÉ – À ÉVALUER",IF(D6="REJETÉ / REJECTED","REJETÉ","NON TESTÉ"))) -> VALIDÉ R14/R15
A7: S4 | B7: IXTQ36N30P | C7: IXTQ36P15P | D7: =IFERROR(VLOOKUP(A7,Selection!$A$17:$I$28,4,FALSE),"NON TESTÉ / NOT TESTED") -> NON TESTÉ / NOT TESTED | E7: =IFERROR(VLOOKUP(A7,Selection!$A$17:$I$28,5,FALSE),"") -> 0 | F7: =IFERROR(VLOOKUP(A7,Selection!$A$17:$I$28,6,FALSE),"") -> 0 | G7: =IF(Config!$B$3="FR",IFERROR(T(VLOOKUP(A7,Selection!$A$17:$I$28,7,FALSE)),""),IF(IFERROR(T(VLOOKUP(A7,Selection!$A$17:$I$28,8,FALSE)),"")<>"",IFERROR(T(VLOOKUP(A7,Selection!$A$17:$I$28,8,FALSE)),""),IFERROR(T(VLOOKUP(A7,Selection!$A$17:$I$28,7,FALSE)),""))) -> Combination to validate on Q17. | H7: =IFERROR(VLOOKUP($B7,MOSFET!$A$2:$Q$11,5,FALSE),"") -> 300 | I7: =IFERROR(VLOOKUP($C7,MOSFET!$A$2:$Q$11,5,FALSE),"") -> 150 | J7: =IFERROR(VLOOKUP($B7,MOSFET!$A$2:$Q$11,6,FALSE),"") -> 36 | K7: =IFERROR(VLOOKUP($C7,MOSFET!$A$2:$Q$11,6,FALSE),"") -> 36 | L7: =IFERROR(VLOOKUP($B7,MOSFET!$A$2:$Q$11,7,FALSE),"") -> 2250 | M7: =IFERROR(VLOOKUP($C7,MOSFET!$A$2:$Q$11,7,FALSE),"") -> 3100 | N7: =IFERROR(VLOOKUP($B7,MOSFET!$A$2:$Q$11,8,FALSE),"") -> 370 | O7: =IFERROR(VLOOKUP($C7,MOSFET!$A$2:$Q$11,8,FALSE),"") -> 610 | P7: =IFERROR(VLOOKUP($B7,MOSFET!$A$2:$Q$11,9,FALSE),"") -> 90 | Q7: =IFERROR(VLOOKUP($C7,MOSFET!$A$2:$Q$11,9,FALSE),"") -> 100 | R7: =IFERROR(VLOOKUP($B7,MOSFET!$A$2:$Q$11,10,FALSE),"") -> 22 | S7: =IFERROR(VLOOKUP($C7,MOSFET!$A$2:$Q$11,10,FALSE),"") -> 19 | T7: =IFERROR(VLOOKUP($B7,MOSFET!$A$2:$Q$11,11,FALSE),"") -> 18 | U7: =IFERROR(VLOOKUP($C7,MOSFET!$A$2:$Q$11,11,FALSE),"") -> 18 | V7: =IFERROR(VLOOKUP($B7,MOSFET!$A$2:$Q$11,12,FALSE),0) -> 0 | W7: =IFERROR(VLOOKUP($C7,MOSFET!$A$2:$Q$11,12,FALSE),0) -> 0 | X7: =IFERROR(VLOOKUP($B7,MOSFET!$A$2:$Q$11,13,FALSE),"") -> 70 | Y7: =IFERROR(VLOOKUP($C7,MOSFET!$A$2:$Q$11,13,FALSE),"") -> 55 | Z7: =IFERROR(VLOOKUP($B7,MOSFET!$A$2:$Q$11,16,FALSE),"") -> 5.7 | AA7: =IFERROR(VLOOKUP($C7,MOSFET!$A$2:$Q$11,16,FALSE),"") -> 4.8 | AB7: =IFERROR(R7*SQRT(Config!$B$13/T7),"") -> 9.1666667 | AC7: =IFERROR(S7*SQRT(Config!$B$13/U7),"") -> 7.9166667 | AD7: =IFERROR((1/(2*PI()))*SQRT((1+AB7*Config!$B$12)/(Config!$B$14*0.000000001*L7*0.000000000001))/1000000,"") -> 167.01676 | AE7: =IFERROR((1/(2*PI()))*SQRT((1+AC7*Config!$B$12)/(Config!$B$14*0.000000001*M7*0.000000000001))/1000000,"") -> 132.37217 | AF7: =IFERROR((AB7*N7*Config!$B$12^2/L7)/(1+(2*PI()*AD7*1000000*N7*0.000000000001*Config!$B$12)^2),"") -> 9.0598092 | AG7: =IFERROR((AC7*O7*Config!$B$12^2/M7)/(1+(2*PI()*AE7*1000000*O7*0.000000000001*Config!$B$12)^2),"") -> 5.7056364 | AH7: =IF(AF7="","",MAX(0,Config!$B$16*AF7-V7-Config!$B$15)) -> 12.683733 | AI7: =IF(AG7="","",MAX(0,Config!$B$16*AG7-W7-Config!$B$15)) -> 7.987891 | AJ7: =IF(AH7="","",IF(AH7<=10,10,IF(AH7>=10000,10000,IF(VLOOKUP(AH7,Notes!$F$2:$G$74,1,TRUE)=AH7,AH7,VLOOKUP(AH7,Notes!$F$2:$G$74,2,TRUE))))) -> 13 | AK7: =IF(AI7="","",IF(AI7<=10,10,IF(AI7>=10000,10000,IF(VLOOKUP(AI7,Notes!$F$2:$G$74,1,TRUE)=AI7,AI7,VLOOKUP(AI7,Notes!$F$2:$G$74,2,TRUE))))) -> 10 | AL7: =IFERROR(1/(2*PI()*AJ7*L7*0.000000000001)/1000000,"") -> 5.4411946 | AM7: =IFERROR(1/(2*PI()*AK7*M7*0.000000000001)/1000000,"") -> 5.1340304 | AN7: =IF(OR(AL7="",AM7=""),"",MIN(AL7,AM7)) -> 5.1340304 | AO7: =IFERROR(1/(2*PI()*AN7*1000000*L7*0.000000000001),"") -> 13.777778 | AP7: =IFERROR(1/(2*PI()*AN7*1000000*M7*0.000000000001),"") -> 10 | AQ7: =IF(AO7="","",IF(MAX(AH7,AO7)<=10,10,IF(MAX(AH7,AO7)>=10000,10000,IF(VLOOKUP(MAX(AH7,AO7),Notes!$F$2:$G$74,1,TRUE)=MAX(AH7,AO7),MAX(AH7,AO7),VLOOKUP(MAX(AH7,AO7),Notes!$F$2:$G$74,2,TRUE))))) -> 15 | AR7: =IF(AP7="","",IF(MAX(AI7,AP7)<=10,10,IF(MAX(AI7,AP7)>=10000,10000,IF(VLOOKUP(MAX(AI7,AP7),Notes!$F$2:$G$74,1,TRUE)=MAX(AI7,AP7),MAX(AI7,AP7),VLOOKUP(MAX(AI7,AP7),Notes!$F$2:$G$74,2,TRUE))))) -> 10 | AS7: =IFERROR(P7+(L7-P7)/(1+AB7*Config!$B$12),"") -> 119.0583 | AT7: =IFERROR(Q7+(M7-Q7)/(1+AC7*Config!$B$12),"") -> 146.63212 | AU7: =IFERROR(MAX(0,MIN(TAN(RADIANS(Config!$B$21))/(2*PI()*Config!$B$20*1000*AS7*0.000000000001)-V7-Config!$B$15,SQRT(10^(Config!$B$22/10)-1)/(2*PI()*Config!$B$20*1000*AS7*0.000000000001)-V7-Config!$B$15)),"") -> 1169.5324 | AV7: =IFERROR(MAX(0,MIN(TAN(RADIANS(Config!$B$21))/(2*PI()*Config!$B$20*1000*AT7*0.000000000001)-W7-Config!$B$15,SQRT(10^(Config!$B$22/10)-1)/(2*PI()*Config!$B$20*1000*AT7*0.000000000001)-W7-Config!$B$15)),"") -> 949.60455 | AW7: =IF(AU7="","",IF(AU7<10,"<10",IF(AU7>=10000,10000,VLOOKUP(AU7,Notes!$F$2:$G$74,1,TRUE)))) -> 1100 | AX7: =IF(AV7="","",IF(AV7<10,"<10",IF(AV7>=10000,10000,VLOOKUP(AV7,Notes!$F$2:$G$74,1,TRUE)))) -> 910 | AY7: =IFERROR(IF((IF(Config!$B$8="R14",Config!$B$9,Config!$B$9*CC7/CB7))<=10,10,IF((IF(Config!$B$8="R14",Config!$B$9,Config!$B$9*CC7/CB7))>=10000,10000,IF(ABS((IF(Config!$B$8="R14",Config!$B$9,Config!$B$9*CC7/CB7))-VLOOKUP((IF(Config!$B$8="R14",Config!$B$9,Config!$B$9*CC7/CB7)),Notes!$F$2:$G$74,1,TRUE))<=ABS(VLOOKUP((IF(Config!$B$8="R14",Config!$B$9,Config!$B$9*CC7/CB7)),Notes!$F$2:$G$74,2,TRUE)-(IF(Config!$B$8="R14",Config!$B$9,Config!$B$9*CC7/CB7))),VLOOKUP((IF(Config!$B$8="R14",Config!$B$9,Config!$B$9*CC7/CB7)),Notes!$F$2:$G$74,1,TRUE),VLOOKUP((IF(Config!$B$8="R14",Config!$B$9,Config!$B$9*CC7/CB7)),Notes!$F$2:$G$74,2,TRUE)))),"") -> 100 | AZ7: =IFERROR(IF((IF(Config!$B$8="R15",Config!$B$9,Config!$B$9*CB7/CC7))<=10,10,IF((IF(Config!$B$8="R15",Config!$B$9,Config!$B$9*CB7/CC7))>=10000,10000,IF(ABS((IF(Config!$B$8="R15",Config!$B$9,Config!$B$9*CB7/CC7))-VLOOKUP((IF(Config!$B$8="R15",Config!$B$9,Config!$B$9*CB7/CC7)),Notes!$F$2:$G$74,1,TRUE))<=ABS(VLOOKUP((IF(Config!$B$8="R15",Config!$B$9,Config!$B$9*CB7/CC7)),Notes!$F$2:$G$74,2,TRUE)-(IF(Config!$B$8="R15",Config!$B$9,Config!$B$9*CB7/CC7))),VLOOKUP((IF(Config!$B$8="R15",Config!$B$9,Config!$B$9*CB7/CC7)),Notes!$F$2:$G$74,1,TRUE),VLOOKUP((IF(Config!$B$8="R15",Config!$B$9,Config!$B$9*CB7/CC7)),Notes!$F$2:$G$74,2,TRUE)))),"") -> 75 | BA7: =IF(OR(AW7="<10",AX7="<10"),"NO",IF(AND(AY7>=AJ7,AY7<=AW7,AZ7>=AK7,AZ7<=AX7,ABS(1/(AY7*L7)-1/(AZ7*M7))/MIN(1/(AY7*L7),1/(AZ7*M7))<=Config!$B$19),"YES","NO")) -> YES | BB7: =IF(AND(D7="VALIDÉ / VALIDATED",E7>0,F7>0),E7,IF(BA7="YES",AY7,AQ7)) -> 100 | BC7: =IF(AND(D7="VALIDÉ / VALIDATED",E7>0,F7>0),F7,IF(BA7="YES",AZ7,AR7)) -> 75 | BD7: =IF(AND(D7="VALIDÉ / VALIDATED",E7>0,F7>0),_xlfn.CONCAT("TEST Q",17),IF(BA7="YES","CIBLE INITIALE","CALCUL THÉORIQUE INITIAL")) -> CIBLE INITIALE | BE7: =IFERROR(ABS(BB7*CB7-BC7*CC7)/MIN(BB7*CB7,BC7*CC7),"") -> 0.025641026 | BF7: =IF(B7="","",IF(VLOOKUP(B7,MOSFET!$A$2:$Q$11,2,FALSE)<>"N","NON – canal",IF(H7<2*Config!$B$11*Config!$B$17,"NON – Vdss",IF(J7<Config!$B$13*Config!$B$18,"NON – Id",IF(L7>Config!$B$23,"NON – Ciss",IF(OR(L7="",P7="",X7="",BQ7="",R7="",T7="",Z7=""),"DONNÉES À COMPLÉTER","OK")))))) -> OK | BG7: =IF(C7="","",IF(VLOOKUP(C7,MOSFET!$A$2:$Q$11,2,FALSE)<>"P","NON – canal",IF(I7<2*Config!$B$11*Config!$B$17,"NON – Vdss",IF(K7<Config!$B$13*Config!$B$18,"NON – Id",IF(M7>Config!$B$23,"NON – Ciss",IF(OR(M7="",Q7="",Y7="",BR7="",S7="",U7="",AA7=""),"DONNÉES À COMPLÉTER","OK")))))) -> OK | BH7: =IF(OR(BF7<>"OK",BG7<>"OK"),"NON – aptitude MOSFET",IF(AND(D7="VALIDÉ / VALIDATED",E7>0,F7>0),_xlfn.CONCAT("OUI – Q",17," confirmé"),IF(BO7>=0.82,"OUI – paire prioritaire / test scope requis",IF(BO7>=0.74,"OUI – paire acceptable / test scope requis","À ÉVALUER – compatibilité faible")))) -> OUI – paire acceptable / test scope requis | BI7: =IFERROR((Config!$B$34*BY7+Config!$B$35*BZ7+Config!$B$36*CA7)/Config!$B$37,"") -> 0.75418911 | BJ7: =IFERROR(MIN(BQ7,BR7)/MAX(BQ7,BR7),"") -> 0.51428571 | BK7: =IFERROR(MIN(X7,Y7)/MAX(X7,Y7),"") -> 0.78571429 | BL7: =IFERROR(MIN(AB7,AC7)/MAX(AB7,AC7),"") -> 0.86363636 | BM7: =IFERROR(MIN(P7,Q7)/MAX(P7,Q7),"") -> 0.9 | BN7: =IFERROR(MIN(Z7,AA7)/MAX(Z7,AA7),"") -> 0.84210526 | BO7: =IFERROR((Config!$B$25*BI7+Config!$B$26*BJ7+Config!$B$27*BK7+Config!$B$28*BL7+Config!$B$29*BM7+Config!$B$30*BN7)/Config!$B$31,"") -> 0.750727 | BP7: =IF(OR(BF7<>"OK",BG7<>"OK"),1,IF(BO7>=0.9,5,IF(BO7>=0.82,4,IF(BO7>=0.74,3,IF(BO7>=0.66,2,1))))) -> 3 | BQ7: =IFERROR(VLOOKUP($B7,MOSFET!$A$2:$Q$11,14,FALSE),"") -> 35 | BR7: =IFERROR(VLOOKUP($C7,MOSFET!$A$2:$Q$11,14,FALSE),"") -> 18 | BS7: =IFERROR(P7+(L7-P7)*(1-0),"") -> 2250 | BT7: =IFERROR(Q7+(M7-Q7)*(1-0),"") -> 3100 | BU7: =IFERROR(P7+(L7-P7)*(1-0.5),"") -> 1170 | BV7: =IFERROR(Q7+(M7-Q7)*(1-0.5),"") -> 1600 | BW7: =IFERROR(P7+(L7-P7)*(1-0.95),"") -> 198 | BX7: =IFERROR(Q7+(M7-Q7)*(1-0.95),"") -> 250 | BY7: =IFERROR(MIN(BS7,BT7)/MAX(BS7,BT7),"") -> 0.72580645 | BZ7: =IFERROR(MIN(BU7,BV7)/MAX(BU7,BV7),"") -> 0.73125 | CA7: =IFERROR(MIN(BW7,BX7)/MAX(BW7,BX7),"") -> 0.792 | CB7: =IFERROR(P7+(L7-P7)*(1-Config!$B$39),"") -> 1170 | CC7: =IFERROR(Q7+(M7-Q7)*(1-Config!$B$39),"") -> 1600 | CD7: =IF(OR(BF7<>"OK",BG7<>"OK"),"X – INADAPTÉ",IF(AND(BI7>=Config!$B$42,CE7>=Config!$B$43,CF7=0),"A – TRÈS BON CANDIDAT",IF(AND(BI7>=Config!$B$44,CE7>=Config!$B$45,CF7=0),"B – BON CANDIDAT","C – À ÉTUDIER"))) -> C – À ÉTUDIER | CE7: =IFERROR(MIN(AY7,AZ7)/MAX(AY7,AZ7),"") -> 0.75 | CF7: =--(BJ7<Config!$B$46)+--(BK7<Config!$B$47)+--(BL7<Config!$B$47)+--(BM7<Config!$B$47)+--(BN7<Config!$B$48) -> 0 | CG7: =IF(CF7=0,"Aucune",IF(BJ7<Config!$B$46,"Qgd; ","")&IF(BK7<Config!$B$47,"Qg; ","")&IF(BL7<Config!$B$47,"gm; ","")&IF(BM7<Config!$B$47,"Crss; ","")&IF(BN7<Config!$B$48,"VGS; ","")) -> Aucune | CH7: =IF(D7="VALIDÉ / VALIDATED",IF(AND(E7>0,F7>0),"VALIDÉ R14/R15","VALIDATION INCOMPLÈTE"),IF(D7="TESTÉ – À ÉVALUER / TESTED – TO REVIEW","TESTÉ – À ÉVALUER",IF(D7="REJETÉ / REJECTED","REJETÉ","NON TESTÉ"))) -> NON TESTÉ
A8: S5 | B8: FQA46N15 | C8: IXTQ36P15P | D8: =IFERROR(VLOOKUP(A8,Selection!$A$17:$I$28,4,FALSE),"NON TESTÉ / NOT TESTED") -> TESTÉ – À ÉVALUER / TESTED – TO REVIEW | E8: =IFERROR(VLOOKUP(A8,Selection!$A$17:$I$28,5,FALSE),"") -> 0 | F8: =IFERROR(VLOOKUP(A8,Selection!$A$17:$I$28,6,FALSE),"") -> 0 | G8: =IF(Config!$B$3="FR",IFERROR(T(VLOOKUP(A8,Selection!$A$17:$I$28,7,FALSE)),""),IF(IFERROR(T(VLOOKUP(A8,Selection!$A$17:$I$28,8,FALSE)),"")<>"",IFERROR(T(VLOOKUP(A8,Selection!$A$17:$I$28,8,FALSE)),""),IFERROR(T(VLOOKUP(A8,Selection!$A$17:$I$28,7,FALSE)),""))) -> Combination to validate on Q17. | H8: =IFERROR(VLOOKUP($B8,MOSFET!$A$2:$Q$11,5,FALSE),"") -> 150 | I8: =IFERROR(VLOOKUP($C8,MOSFET!$A$2:$Q$11,5,FALSE),"") -> 150 | J8: =IFERROR(VLOOKUP($B8,MOSFET!$A$2:$Q$11,6,FALSE),"") -> 50 | K8: =IFERROR(VLOOKUP($C8,MOSFET!$A$2:$Q$11,6,FALSE),"") -> 36 | L8: =IFERROR(VLOOKUP($B8,MOSFET!$A$2:$Q$11,7,FALSE),"") -> 2500 | M8: =IFERROR(VLOOKUP($C8,MOSFET!$A$2:$Q$11,7,FALSE),"") -> 3100 | N8: =IFERROR(VLOOKUP($B8,MOSFET!$A$2:$Q$11,8,FALSE),"") -> 520 | O8: =IFERROR(VLOOKUP($C8,MOSFET!$A$2:$Q$11,8,FALSE),"") -> 610 | P8: =IFERROR(VLOOKUP($B8,MOSFET!$A$2:$Q$11,9,FALSE),"") -> 100 | Q8: =IFERROR(VLOOKUP($C8,MOSFET!$A$2:$Q$11,9,FALSE),"") -> 100 | R8: =IFERROR(VLOOKUP($B8,MOSFET!$A$2:$Q$11,10,FALSE),"") -> 36 | S8: =IFERROR(VLOOKUP($C8,MOSFET!$A$2:$Q$11,10,FALSE),"") -> 19 | T8: =IFERROR(VLOOKUP($B8,MOSFET!$A$2:$Q$11,11,FALSE),"") -> 25 | U8: =IFERROR(VLOOKUP($C8,MOSFET!$A$2:$Q$11,11,FALSE),"") -> 18 | V8: =IFERROR(VLOOKUP($B8,MOSFET!$A$2:$Q$11,12,FALSE),0) -> 0 | W8: =IFERROR(VLOOKUP($C8,MOSFET!$A$2:$Q$11,12,FALSE),0) -> 0 | X8: =IFERROR(VLOOKUP($B8,MOSFET!$A$2:$Q$11,13,FALSE),"") -> 85 | Y8: =IFERROR(VLOOKUP($C8,MOSFET!$A$2:$Q$11,13,FALSE),"") -> 55 | Z8: =IFERROR(VLOOKUP($B8,MOSFET!$A$2:$Q$11,16,FALSE),"") -> 4.2 | AA8: =IFERROR(VLOOKUP($C8,MOSFET!$A$2:$Q$11,16,FALSE),"") -> 4.8 | AB8: =IFERROR(R8*SQRT(Config!$B$13/T8),"") -> 12.727922 | AC8: =IFERROR(S8*SQRT(Config!$B$13/U8),"") -> 7.9166667 | AD8: =IFERROR((1/(2*PI()))*SQRT((1+AB8*Config!$B$12)/(Config!$B$14*0.000000001*L8*0.000000000001))/1000000,"") -> 186.35259 | AE8: =IFERROR((1/(2*PI()))*SQRT((1+AC8*Config!$B$12)/(Config!$B$14*0.000000001*M8*0.000000000001))/1000000,"") -> 132.37217 | AF8: =IFERROR((AB8*N8*Config!$B$12^2/L8)/(1+(2*PI()*AD8*1000000*N8*0.000000000001*Config!$B$12)^2),"") -> 6.852577 | AG8: =IFERROR((AC8*O8*Config!$B$12^2/M8)/(1+(2*PI()*AE8*1000000*O8*0.000000000001*Config!$B$12)^2),"") -> 5.7056364 | AH8: =IF(AF8="","",MAX(0,Config!$B$16*AF8-V8-Config!$B$15)) -> 9.5936078 | AI8: =IF(AG8="","",MAX(0,Config!$B$16*AG8-W8-Config!$B$15)) -> 7.987891 | AJ8: =IF(AH8="","",IF(AH8<=10,10,IF(AH8>=10000,10000,IF(VLOOKUP(AH8,Notes!$F$2:$G$74,1,TRUE)=AH8,AH8,VLOOKUP(AH8,Notes!$F$2:$G$74,2,TRUE))))) -> 10 | AK8: =IF(AI8="","",IF(AI8<=10,10,IF(AI8>=10000,10000,IF(VLOOKUP(AI8,Notes!$F$2:$G$74,1,TRUE)=AI8,AI8,VLOOKUP(AI8,Notes!$F$2:$G$74,2,TRUE))))) -> 10 | AL8: =IFERROR(1/(2*PI()*AJ8*L8*0.000000000001)/1000000,"") -> 6.3661977 | AM8: =IFERROR(1/(2*PI()*AK8*M8*0.000000000001)/1000000,"") -> 5.1340304 | AN8: =IF(OR(AL8="",AM8=""),"",MIN(AL8,AM8)) -> 5.1340304 | AO8: =IFERROR(1/(2*PI()*AN8*1000000*L8*0.000000000001),"") -> 12.4 | AP8: =IFERROR(1/(2*PI()*AN8*1000000*M8*0.000000000001),"") -> 10 | AQ8: =IF(AO8="","",IF(MAX(AH8,AO8)<=10,10,IF(MAX(AH8,AO8)>=10000,10000,IF(VLOOKUP(MAX(AH8,AO8),Notes!$F$2:$G$74,1,TRUE)=MAX(AH8,AO8),MAX(AH8,AO8),VLOOKUP(MAX(AH8,AO8),Notes!$F$2:$G$74,2,TRUE))))) -> 13 | AR8: =IF(AP8="","",IF(MAX(AI8,AP8)<=10,10,IF(MAX(AI8,AP8)>=10000,10000,IF(VLOOKUP(MAX(AI8,AP8),Notes!$F$2:$G$74,1,TRUE)=MAX(AI8,AP8),MAX(AI8,AP8),VLOOKUP(MAX(AI8,AP8),Notes!$F$2:$G$74,2,TRUE))))) -> 10 | AS8: =IFERROR(P8+(L8-P8)/(1+AB8*Config!$B$12),"") -> 123.341 | AT8: =IFERROR(Q8+(M8-Q8)/(1+AC8*Config!$B$12),"") -> 146.63212 | AU8: =IFERROR(MAX(0,MIN(TAN(RADIANS(Config!$B$21))/(2*PI()*Config!$B$20*1000*AS8*0.000000000001)-V8-Config!$B$15,SQRT(10^(Config!$B$22/10)-1)/(2*PI()*Config!$B$20*1000*AS8*0.000000000001)-V8-Config!$B$15)),"") -> 1128.9234 | AV8: =IFERROR(MAX(0,MIN(TAN(RADIANS(Config!$B$21))/(2*PI()*Config!$B$20*1000*AT8*0.000000000001)-W8-Config!$B$15,SQRT(10^(Config!$B$22/10)-1)/(2*PI()*Config!$B$20*1000*AT8*0.000000000001)-W8-Config!$B$15)),"") -> 949.60455 | AW8: =IF(AU8="","",IF(AU8<10,"<10",IF(AU8>=10000,10000,VLOOKUP(AU8,Notes!$F$2:$G$74,1,TRUE)))) -> 1100 | AX8: =IF(AV8="","",IF(AV8<10,"<10",IF(AV8>=10000,10000,VLOOKUP(AV8,Notes!$F$2:$G$74,1,TRUE)))) -> 910 | AY8: =IFERROR(IF((IF(Config!$B$8="R14",Config!$B$9,Config!$B$9*CC8/CB8))<=10,10,IF((IF(Config!$B$8="R14",Config!$B$9,Config!$B$9*CC8/CB8))>=10000,10000,IF(ABS((IF(Config!$B$8="R14",Config!$B$9,Config!$B$9*CC8/CB8))-VLOOKUP((IF(Config!$B$8="R14",Config!$B$9,Config!$B$9*CC8/CB8)),Notes!$F$2:$G$74,1,TRUE))<=ABS(VLOOKUP((IF(Config!$B$8="R14",Config!$B$9,Config!$B$9*CC8/CB8)),Notes!$F$2:$G$74,2,TRUE)-(IF(Config!$B$8="R14",Config!$B$9,Config!$B$9*CC8/CB8))),VLOOKUP((IF(Config!$B$8="R14",Config!$B$9,Config!$B$9*CC8/CB8)),Notes!$F$2:$G$74,1,TRUE),VLOOKUP((IF(Config!$B$8="R14",Config!$B$9,Config!$B$9*CC8/CB8)),Notes!$F$2:$G$74,2,TRUE)))),"") -> 100 | AZ8: =IFERROR(IF((IF(Config!$B$8="R15",Config!$B$9,Config!$B$9*CB8/CC8))<=10,10,IF((IF(Config!$B$8="R15",Config!$B$9,Config!$B$9*CB8/CC8))>=10000,10000,IF(ABS((IF(Config!$B$8="R15",Config!$B$9,Config!$B$9*CB8/CC8))-VLOOKUP((IF(Config!$B$8="R15",Config!$B$9,Config!$B$9*CB8/CC8)),Notes!$F$2:$G$74,1,TRUE))<=ABS(VLOOKUP((IF(Config!$B$8="R15",Config!$B$9,Config!$B$9*CB8/CC8)),Notes!$F$2:$G$74,2,TRUE)-(IF(Config!$B$8="R15",Config!$B$9,Config!$B$9*CB8/CC8))),VLOOKUP((IF(Config!$B$8="R15",Config!$B$9,Config!$B$9*CB8/CC8)),Notes!$F$2:$G$74,1,TRUE),VLOOKUP((IF(Config!$B$8="R15",Config!$B$9,Config!$B$9*CB8/CC8)),Notes!$F$2:$G$74,2,TRUE)))),"") -> 82 | BA8: =IF(OR(AW8="<10",AX8="<10"),"NO",IF(AND(AY8>=AJ8,AY8<=AW8,AZ8>=AK8,AZ8<=AX8,ABS(1/(AY8*L8)-1/(AZ8*M8))/MIN(1/(AY8*L8),1/(AZ8*M8))<=Config!$B$19),"YES","NO")) -> YES | BB8: =IF(AND(D8="VALIDÉ / VALIDATED",E8>0,F8>0),E8,IF(BA8="YES",AY8,AQ8)) -> 100 | BC8: =IF(AND(D8="VALIDÉ / VALIDATED",E8>0,F8>0),F8,IF(BA8="YES",AZ8,AR8)) -> 82 | BD8: =IF(AND(D8="VALIDÉ / VALIDATED",E8>0,F8>0),_xlfn.CONCAT("TEST Q",17),IF(BA8="YES","CIBLE INITIALE","CALCUL THÉORIQUE INITIAL")) -> CIBLE INITIALE | BE8: =IFERROR(ABS(BB8*CB8-BC8*CC8)/MIN(BB8*CB8,BC8*CC8),"") -> 0.0092307692 | BF8: =IF(B8="","",IF(VLOOKUP(B8,MOSFET!$A$2:$Q$11,2,FALSE)<>"N","NON – canal",IF(H8<2*Config!$B$11*Config!$B$17,"NON – Vdss",IF(J8<Config!$B$13*Config!$B$18,"NON – Id",IF(L8>Config!$B$23,"NON – Ciss",IF(OR(L8="",P8="",X8="",BQ8="",R8="",T8="",Z8=""),"DONNÉES À COMPLÉTER","OK")))))) -> OK | BG8: =IF(C8="","",IF(VLOOKUP(C8,MOSFET!$A$2:$Q$11,2,FALSE)<>"P","NON – canal",IF(I8<2*Config!$B$11*Config!$B$17,"NON – Vdss",IF(K8<Config!$B$13*Config!$B$18,"NON – Id",IF(M8>Config!$B$23,"NON – Ciss",IF(OR(M8="",Q8="",Y8="",BR8="",S8="",U8="",AA8=""),"DONNÉES À COMPLÉTER","OK")))))) -> OK | BH8: =IF(OR(BF8<>"OK",BG8<>"OK"),"NON – aptitude MOSFET",IF(AND(D8="VALIDÉ / VALIDATED",E8>0,F8>0),_xlfn.CONCAT("OUI – Q",17," confirmé"),IF(BO8>=0.82,"OUI – paire prioritaire / test scope requis",IF(BO8>=0.74,"OUI – paire acceptable / test scope requis","À ÉVALUER – compatibilité faible")))) -> À ÉVALUER – compatibilité faible | BI8: =IFERROR((Config!$B$34*BY8+Config!$B$35*BZ8+Config!$B$36*CA8)/Config!$B$37,"") -> 0.8379879 | BJ8: =IFERROR(MIN(BQ8,BR8)/MAX(BQ8,BR8),"") -> 0.43902439 | BK8: =IFERROR(MIN(X8,Y8)/MAX(X8,Y8),"") -> 0.64705882 | BL8: =IFERROR(MIN(AB8,AC8)/MAX(AB8,AC8),"") -> 0.62199208 | BM8: =IFERROR(MIN(P8,Q8)/MAX(P8,Q8),"") -> 1 | BN8: =IFERROR(MIN(Z8,AA8)/MAX(Z8,AA8),"") -> 0.875 | BO8: =IFERROR((Config!$B$25*BI8+Config!$B$26*BJ8+Config!$B$27*BK8+Config!$B$28*BL8+Config!$B$29*BM8+Config!$B$30*BN8)/Config!$B$31,"") -> 0.71705888 | BP8: =IF(OR(BF8<>"OK",BG8<>"OK"),1,IF(BO8>=0.9,5,IF(BO8>=0.82,4,IF(BO8>=0.74,3,IF(BO8>=0.66,2,1))))) -> 2 | BQ8: =IFERROR(VLOOKUP($B8,MOSFET!$A$2:$Q$11,14,FALSE),"") -> 41 | BR8: =IFERROR(VLOOKUP($C8,MOSFET!$A$2:$Q$11,14,FALSE),"") -> 18 | BS8: =IFERROR(P8+(L8-P8)*(1-0),"") -> 2500 | BT8: =IFERROR(Q8+(M8-Q8)*(1-0),"") -> 3100 | BU8: =IFERROR(P8+(L8-P8)*(1-0.5),"") -> 1300 | BV8: =IFERROR(Q8+(M8-Q8)*(1-0.5),"") -> 1600 | BW8: =IFERROR(P8+(L8-P8)*(1-0.95),"") -> 220 | BX8: =IFERROR(Q8+(M8-Q8)*(1-0.95),"") -> 250 | BY8: =IFERROR(MIN(BS8,BT8)/MAX(BS8,BT8),"") -> 0.80645161 | BZ8: =IFERROR(MIN(BU8,BV8)/MAX(BU8,BV8),"") -> 0.8125 | CA8: =IFERROR(MIN(BW8,BX8)/MAX(BW8,BX8),"") -> 0.88 | CB8: =IFERROR(P8+(L8-P8)*(1-Config!$B$39),"") -> 1300 | CC8: =IFERROR(Q8+(M8-Q8)*(1-Config!$B$39),"") -> 1600 | CD8: =IF(OR(BF8<>"OK",BG8<>"OK"),"X – INADAPTÉ",IF(AND(BI8>=Config!$B$42,CE8>=Config!$B$43,CF8=0),"A – TRÈS BON CANDIDAT",IF(AND(BI8>=Config!$B$44,CE8>=Config!$B$45,CF8=0),"B – BON CANDIDAT","C – À ÉTUDIER"))) -> A – TRÈS BON CANDIDAT | CE8: =IFERROR(MIN(AY8,AZ8)/MAX(AY8,AZ8),"") -> 0.82 | CF8: =--(BJ8<Config!$B$46)+--(BK8<Config!$B$47)+--(BL8<Config!$B$47)+--(BM8<Config!$B$47)+--(BN8<Config!$B$48) -> 0 | CG8: =IF(CF8=0,"Aucune",IF(BJ8<Config!$B$46,"Qgd; ","")&IF(BK8<Config!$B$47,"Qg; ","")&IF(BL8<Config!$B$47,"gm; ","")&IF(BM8<Config!$B$47,"Crss; ","")&IF(BN8<Config!$B$48,"VGS; ","")) -> Aucune | CH8: =IF(D8="VALIDÉ / VALIDATED",IF(AND(E8>0,F8>0),"VALIDÉ R14/R15","VALIDATION INCOMPLÈTE"),IF(D8="TESTÉ – À ÉVALUER / TESTED – TO REVIEW","TESTÉ – À ÉVALUER",IF(D8="REJETÉ / REJECTED","REJETÉ","NON TESTÉ"))) -> TESTÉ – À ÉVALUER
A9: C1 | B9: IXTQ50N20P | C9: IXTQ36P15P | D9: =IFERROR(VLOOKUP(A9,Selection!$A$17:$I$28,4,FALSE),"NON TESTÉ / NOT TESTED") -> TESTÉ – À ÉVALUER / TESTED – TO REVIEW | E9: =IFERROR(VLOOKUP(A9,Selection!$A$17:$I$28,5,FALSE),"") -> 0 | F9: =IFERROR(VLOOKUP(A9,Selection!$A$17:$I$28,6,FALSE),"") -> 0 | G9: =IF(Config!$B$3="FR",IFERROR(T(VLOOKUP(A9,Selection!$A$17:$I$28,7,FALSE)),""),IF(IFERROR(T(VLOOKUP(A9,Selection!$A$17:$I$28,8,FALSE)),"")<>"",IFERROR(T(VLOOKUP(A9,Selection!$A$17:$I$28,8,FALSE)),""),IFERROR(T(VLOOKUP(A9,Selection!$A$17:$I$28,7,FALSE)),""))) -> Combination to validate on Q17. | H9: =IFERROR(VLOOKUP($B9,MOSFET!$A$2:$Q$11,5,FALSE),"") -> 200 | I9: =IFERROR(VLOOKUP($C9,MOSFET!$A$2:$Q$11,5,FALSE),"") -> 150 | J9: =IFERROR(VLOOKUP($B9,MOSFET!$A$2:$Q$11,6,FALSE),"") -> 50 | K9: =IFERROR(VLOOKUP($C9,MOSFET!$A$2:$Q$11,6,FALSE),"") -> 36 | L9: =IFERROR(VLOOKUP($B9,MOSFET!$A$2:$Q$11,7,FALSE),"") -> 2720 | M9: =IFERROR(VLOOKUP($C9,MOSFET!$A$2:$Q$11,7,FALSE),"") -> 3100 | N9: =IFERROR(VLOOKUP($B9,MOSFET!$A$2:$Q$11,8,FALSE),"") -> 490 | O9: =IFERROR(VLOOKUP($C9,MOSFET!$A$2:$Q$11,8,FALSE),"") -> 610 | P9: =IFERROR(VLOOKUP($B9,MOSFET!$A$2:$Q$11,9,FALSE),"") -> 105 | Q9: =IFERROR(VLOOKUP($C9,MOSFET!$A$2:$Q$11,9,FALSE),"") -> 100 | R9: =IFERROR(VLOOKUP($B9,MOSFET!$A$2:$Q$11,10,FALSE),"") -> 23 | S9: =IFERROR(VLOOKUP($C9,MOSFET!$A$2:$Q$11,10,FALSE),"") -> 19 | T9: =IFERROR(VLOOKUP($B9,MOSFET!$A$2:$Q$11,11,FALSE),"") -> 25 | U9: =IFERROR(VLOOKUP($C9,MOSFET!$A$2:$Q$11,11,FALSE),"") -> 18 | V9: =IFERROR(VLOOKUP($B9,MOSFET!$A$2:$Q$11,12,FALSE),0) -> 0 | W9: =IFERROR(VLOOKUP($C9,MOSFET!$A$2:$Q$11,12,FALSE),0) -> 0 | X9: =IFERROR(VLOOKUP($B9,MOSFET!$A$2:$Q$11,13,FALSE),"") -> 70 | Y9: =IFERROR(VLOOKUP($C9,MOSFET!$A$2:$Q$11,13,FALSE),"") -> 55 | Z9: =IFERROR(VLOOKUP($B9,MOSFET!$A$2:$Q$11,16,FALSE),"") -> 5.8 | AA9: =IFERROR(VLOOKUP($C9,MOSFET!$A$2:$Q$11,16,FALSE),"") -> 4.8 | AB9: =IFERROR(R9*SQRT(Config!$B$13/T9),"") -> 8.131728 | AC9: =IFERROR(S9*SQRT(Config!$B$13/U9),"") -> 7.9166667 | AD9: =IFERROR((1/(2*PI()))*SQRT((1+AB9*Config!$B$12)/(Config!$B$14*0.000000001*L9*0.000000000001))/1000000,"") -> 143.19374 | AE9: =IFERROR((1/(2*PI()))*SQRT((1+AC9*Config!$B$12)/(Config!$B$14*0.000000001*M9*0.000000000001))/1000000,"") -> 132.37217 | AF9: =IFERROR((AB9*N9*Config!$B$12^2/L9)/(1+(2*PI()*AD9*1000000*N9*0.000000000001*Config!$B$12)^2),"") -> 6.9763483 | AG9: =IFERROR((AC9*O9*Config!$B$12^2/M9)/(1+(2*PI()*AE9*1000000*O9*0.000000000001*Config!$B$12)^2),"") -> 5.7056364 | AH9: =IF(AF9="","",MAX(0,Config!$B$16*AF9-V9-Config!$B$15)) -> 9.7668876 | AI9: =IF(AG9="","",MAX(0,Config!$B$16*AG9-W9-Config!$B$15)) -> 7.987891 | AJ9: =IF(AH9="","",IF(AH9<=10,10,IF(AH9>=10000,10000,IF(VLOOKUP(AH9,Notes!$F$2:$G$74,1,TRUE)=AH9,AH9,VLOOKUP(AH9,Notes!$F$2:$G$74,2,TRUE))))) -> 10 | AK9: =IF(AI9="","",IF(AI9<=10,10,IF(AI9>=10000,10000,IF(VLOOKUP(AI9,Notes!$F$2:$G$74,1,TRUE)=AI9,AI9,VLOOKUP(AI9,Notes!$F$2:$G$74,2,TRUE))))) -> 10 | AL9: =IFERROR(1/(2*PI()*AJ9*L9*0.000000000001)/1000000,"") -> 5.8512847 | AM9: =IFERROR(1/(2*PI()*AK9*M9*0.000000000001)/1000000,"") -> 5.1340304 | AN9: =IF(OR(AL9="",AM9=""),"",MIN(AL9,AM9)) -> 5.1340304 | AO9: =IFERROR(1/(2*PI()*AN9*1000000*L9*0.000000000001),"") -> 11.397059 | AP9: =IFERROR(1/(2*PI()*AN9*1000000*M9*0.000000000001),"") -> 10 | AQ9: =IF(AO9="","",IF(MAX(AH9,AO9)<=10,10,IF(MAX(AH9,AO9)>=10000,10000,IF(VLOOKUP(MAX(AH9,AO9),Notes!$F$2:$G$74,1,TRUE)=MAX(AH9,AO9),MAX(AH9,AO9),VLOOKUP(MAX(AH9,AO9),Notes!$F$2:$G$74,2,TRUE))))) -> 12 | AR9: =IF(AP9="","",IF(MAX(AI9,AP9)<=10,10,IF(MAX(AI9,AP9)>=10000,10000,IF(VLOOKUP(MAX(AI9,AP9),Notes!$F$2:$G$74,1,TRUE)=MAX(AI9,AP9),MAX(AI9,AP9),VLOOKUP(MAX(AI9,AP9),Notes!$F$2:$G$74,2,TRUE))))) -> 10 | AS9: =IFERROR(P9+(L9-P9)/(1+AB9*Config!$B$12),"") -> 144.58893 | AT9: =IFERROR(Q9+(M9-Q9)/(1+AC9*Config!$B$12),"") -> 146.63212 | AU9: =IFERROR(MAX(0,MIN(TAN(RADIANS(Config!$B$21))/(2*PI()*Config!$B$20*1000*AS9*0.000000000001)-V9-Config!$B$15,SQRT(10^(Config!$B$22/10)-1)/(2*PI()*Config!$B$20*1000*AS9*0.000000000001)-V9-Config!$B$15)),"") -> 963.02349 | AV9: =IFERROR(MAX(0,MIN(TAN(RADIANS(Config!$B$21))/(2*PI()*Config!$B$20*1000*AT9*0.000000000001)-W9-Config!$B$15,SQRT(10^(Config!$B$22/10)-1)/(2*PI()*Config!$B$20*1000*AT9*0.000000000001)-W9-Config!$B$15)),"") -> 949.60455 | AW9: =IF(AU9="","",IF(AU9<10,"<10",IF(AU9>=10000,10000,VLOOKUP(AU9,Notes!$F$2:$G$74,1,TRUE)))) -> 910 | AX9: =IF(AV9="","",IF(AV9<10,"<10",IF(AV9>=10000,10000,VLOOKUP(AV9,Notes!$F$2:$G$74,1,TRUE)))) -> 910 | AY9: =IFERROR(IF((IF(Config!$B$8="R14",Config!$B$9,Config!$B$9*CC9/CB9))<=10,10,IF((IF(Config!$B$8="R14",Config!$B$9,Config!$B$9*CC9/CB9))>=10000,10000,IF(ABS((IF(Config!$B$8="R14",Config!$B$9,Config!$B$9*CC9/CB9))-VLOOKUP((IF(Config!$B$8="R14",Config!$B$9,Config!$B$9*CC9/CB9)),Notes!$F$2:$G$74,1,TRUE))<=ABS(VLOOKUP((IF(Config!$B$8="R14",Config!$B$9,Config!$B$9*CC9/CB9)),Notes!$F$2:$G$74,2,TRUE)-(IF(Config!$B$8="R14",Config!$B$9,Config!$B$9*CC9/CB9))),VLOOKUP((IF(Config!$B$8="R14",Config!$B$9,Config!$B$9*CC9/CB9)),Notes!$F$2:$G$74,1,TRUE),VLOOKUP((IF(Config!$B$8="R14",Config!$B$9,Config!$B$9*CC9/CB9)),Notes!$F$2:$G$74,2,TRUE)))),"") -> 100 | AZ9: =IFERROR(IF((IF(Config!$B$8="R15",Config!$B$9,Config!$B$9*CB9/CC9))<=10,10,IF((IF(Config!$B$8="R15",Config!$B$9,Config!$B$9*CB9/CC9))>=10000,10000,IF(ABS((IF(Config!$B$8="R15",Config!$B$9,Config!$B$9*CB9/CC9))-VLOOKUP((IF(Config!$B$8="R15",Config!$B$9,Config!$B$9*CB9/CC9)),Notes!$F$2:$G$74,1,TRUE))<=ABS(VLOOKUP((IF(Config!$B$8="R15",Config!$B$9,Config!$B$9*CB9/CC9)),Notes!$F$2:$G$74,2,TRUE)-(IF(Config!$B$8="R15",Config!$B$9,Config!$B$9*CB9/CC9))),VLOOKUP((IF(Config!$B$8="R15",Config!$B$9,Config!$B$9*CB9/CC9)),Notes!$F$2:$G$74,1,TRUE),VLOOKUP((IF(Config!$B$8="R15",Config!$B$9,Config!$B$9*CB9/CC9)),Notes!$F$2:$G$74,2,TRUE)))),"") -> 91 | BA9: =IF(OR(AW9="<10",AX9="<10"),"NO",IF(AND(AY9>=AJ9,AY9<=AW9,AZ9>=AK9,AZ9<=AX9,ABS(1/(AY9*L9)-1/(AZ9*M9))/MIN(1/(AY9*L9),1/(AZ9*M9))<=Config!$B$19),"YES","NO")) -> YES | BB9: =IF(AND(D9="VALIDÉ / VALIDATED",E9>0,F9>0),E9,IF(BA9="YES",AY9,AQ9)) -> 100 | BC9: =IF(AND(D9="VALIDÉ / VALIDATED",E9>0,F9>0),F9,IF(BA9="YES",AZ9,AR9)) -> 91 | BD9: =IF(AND(D9="VALIDÉ / VALIDATED",E9>0,F9>0),_xlfn.CONCAT("TEST Q",17),IF(BA9="YES","CIBLE INITIALE","CALCUL THÉORIQUE INITIAL")) -> CIBLE INITIALE | BE9: =IFERROR(ABS(BB9*CB9-BC9*CC9)/MIN(BB9*CB9,BC9*CC9),"") -> 0.03079646 | BF9: =IF(B9="","",IF(VLOOKUP(B9,MOSFET!$A$2:$Q$11,2,FALSE)<>"N","NON – canal",IF(H9<2*Config!$B$11*Config!$B$17,"NON – Vdss",IF(J9<Config!$B$13*Config!$B$18,"NON – Id",IF(L9>Config!$B$23,"NON – Ciss",IF(OR(L9="",P9="",X9="",BQ9="",R9="",T9="",Z9=""),"DONNÉES À COMPLÉTER","OK")))))) -> OK | BG9: =IF(C9="","",IF(VLOOKUP(C9,MOSFET!$A$2:$Q$11,2,FALSE)<>"P","NON – canal",IF(I9<2*Config!$B$11*Config!$B$17,"NON – Vdss",IF(K9<Config!$B$13*Config!$B$18,"NON – Id",IF(M9>Config!$B$23,"NON – Ciss",IF(OR(M9="",Q9="",Y9="",BR9="",S9="",U9="",AA9=""),"DONNÉES À COMPLÉTER","OK")))))) -> OK | BH9: =IF(OR(BF9<>"OK",BG9<>"OK"),"NON – aptitude MOSFET",IF(AND(D9="VALIDÉ / VALIDATED",E9>0,F9>0),_xlfn.CONCAT("OUI – Q",17," confirmé"),IF(BO9>=0.82,"OUI – paire prioritaire / test scope requis",IF(BO9>=0.74,"OUI – paire acceptable / test scope requis","À ÉVALUER – compatibilité faible")))) -> OUI – paire acceptable / test scope requis | BI9: =IFERROR((Config!$B$34*BY9+Config!$B$35*BZ9+Config!$B$36*CA9)/Config!$B$37,"") -> 0.90553921 | BJ9: =IFERROR(MIN(BQ9,BR9)/MAX(BQ9,BR9),"") -> 0.48648649 | BK9: =IFERROR(MIN(X9,Y9)/MAX(X9,Y9),"") -> 0.78571429 | BL9: =IFERROR(MIN(AB9,AC9)/MAX(AB9,AC9),"") -> 0.97355281 | BM9: =IFERROR(MIN(P9,Q9)/MAX(P9,Q9),"") -> 0.95238095 | BN9: =IFERROR(MIN(Z9,AA9)/MAX(Z9,AA9),"") -> 0.82758621 | BO9: =IFERROR((Config!$B$25*BI9+Config!$B$26*BJ9+Config!$B$27*BK9+Config!$B$28*BL9+Config!$B$29*BM9+Config!$B$30*BN9)/Config!$B$31,"") -> 0.81084584 | BP9: =IF(OR(BF9<>"OK",BG9<>"OK"),1,IF(BO9>=0.9,5,IF(BO9>=0.82,4,IF(BO9>=0.74,3,IF(BO9>=0.66,2,1))))) -> 3 | BQ9: =IFERROR(VLOOKUP($B9,MOSFET!$A$2:$Q$11,14,FALSE),"") -> 37 | BR9: =IFERROR(VLOOKUP($C9,MOSFET!$A$2:$Q$11,14,FALSE),"") -> 18 | BS9: =IFERROR(P9+(L9-P9)*(1-0),"") -> 2720 | BT9: =IFERROR(Q9+(M9-Q9)*(1-0),"") -> 3100 | BU9: =IFERROR(P9+(L9-P9)*(1-0.5),"") -> 1412.5 | BV9: =IFERROR(Q9+(M9-Q9)*(1-0.5),"") -> 1600 | BW9: =IFERROR(P9+(L9-P9)*(1-0.95),"") -> 235.75 | BX9: =IFERROR(Q9+(M9-Q9)*(1-0.95),"") -> 250 | BY9: =IFERROR(MIN(BS9,BT9)/MAX(BS9,BT9),"") -> 0.87741935 | BZ9: =IFERROR(MIN(BU9,BV9)/MAX(BU9,BV9),"") -> 0.8828125 | CA9: =IFERROR(MIN(BW9,BX9)/MAX(BW9,BX9),"") -> 0.943 | CB9: =IFERROR(P9+(L9-P9)*(1-Config!$B$39),"") -> 1412.5 | CC9: =IFERROR(Q9+(M9-Q9)*(1-Config!$B$39),"") -> 1600 | CD9: =IF(OR(BF9<>"OK",BG9<>"OK"),"X – INADAPTÉ",IF(AND(BI9>=Config!$B$42,CE9>=Config!$B$43,CF9=0),"A – TRÈS BON CANDIDAT",IF(AND(BI9>=Config!$B$44,CE9>=Config!$B$45,CF9=0),"B – BON CANDIDAT","C – À ÉTUDIER"))) -> A – TRÈS BON CANDIDAT | CE9: =IFERROR(MIN(AY9,AZ9)/MAX(AY9,AZ9),"") -> 0.91 | CF9: =--(BJ9<Config!$B$46)+--(BK9<Config!$B$47)+--(BL9<Config!$B$47)+--(BM9<Config!$B$47)+--(BN9<Config!$B$48) -> 0 | CG9: =IF(CF9=0,"Aucune",IF(BJ9<Config!$B$46,"Qgd; ","")&IF(BK9<Config!$B$47,"Qg; ","")&IF(BL9<Config!$B$47,"gm; ","")&IF(BM9<Config!$B$47,"Crss; ","")&IF(BN9<Config!$B$48,"VGS; ","")) -> Aucune | CH9: =IF(D9="VALIDÉ / VALIDATED",IF(AND(E9>0,F9>0),"VALIDÉ R14/R15","VALIDATION INCOMPLÈTE"),IF(D9="TESTÉ – À ÉVALUER / TESTED – TO REVIEW","TESTÉ – À ÉVALUER",IF(D9="REJETÉ / REJECTED","REJETÉ","NON TESTÉ"))) -> TESTÉ – À ÉVALUER
A10: C3 | B10: IXTQ50N20P | C10: FQA36P15 | D10: =IFERROR(VLOOKUP(A10,Selection!$A$17:$I$28,4,FALSE),"NON TESTÉ / NOT TESTED") -> TESTÉ – À ÉVALUER / TESTED – TO REVIEW | E10: =IFERROR(VLOOKUP(A10,Selection!$A$17:$I$28,5,FALSE),"") -> 0 | F10: =IFERROR(VLOOKUP(A10,Selection!$A$17:$I$28,6,FALSE),"") -> 0 | G10: =IF(Config!$B$3="FR",IFERROR(T(VLOOKUP(A10,Selection!$A$17:$I$28,7,FALSE)),""),IF(IFERROR(T(VLOOKUP(A10,Selection!$A$17:$I$28,8,FALSE)),"")<>"",IFERROR(T(VLOOKUP(A10,Selection!$A$17:$I$28,8,FALSE)),""),IFERROR(T(VLOOKUP(A10,Selection!$A$17:$I$28,7,FALSE)),""))) -> Combination to validate on Q17. | H10: =IFERROR(VLOOKUP($B10,MOSFET!$A$2:$Q$11,5,FALSE),"") -> 200 | I10: =IFERROR(VLOOKUP($C10,MOSFET!$A$2:$Q$11,5,FALSE),"") -> 150 | J10: =IFERROR(VLOOKUP($B10,MOSFET!$A$2:$Q$11,6,FALSE),"") -> 50 | K10: =IFERROR(VLOOKUP($C10,MOSFET!$A$2:$Q$11,6,FALSE),"") -> 36 | L10: =IFERROR(VLOOKUP($B10,MOSFET!$A$2:$Q$11,7,FALSE),"") -> 2720 | M10: =IFERROR(VLOOKUP($C10,MOSFET!$A$2:$Q$11,7,FALSE),"") -> 2550 | N10: =IFERROR(VLOOKUP($B10,MOSFET!$A$2:$Q$11,8,FALSE),"") -> 490 | O10: =IFERROR(VLOOKUP($C10,MOSFET!$A$2:$Q$11,8,FALSE),"") -> 710 | P10: =IFERROR(VLOOKUP($B10,MOSFET!$A$2:$Q$11,9,FALSE),"") -> 105 | Q10: =IFERROR(VLOOKUP($C10,MOSFET!$A$2:$Q$11,9,FALSE),"") -> 110 | R10: =IFERROR(VLOOKUP($B10,MOSFET!$A$2:$Q$11,10,FALSE),"") -> 23 | S10: =IFERROR(VLOOKUP($C10,MOSFET!$A$2:$Q$11,10,FALSE),"") -> 19.5 | T10: =IFERROR(VLOOKUP($B10,MOSFET!$A$2:$Q$11,11,FALSE),"") -> 25 | U10: =IFERROR(VLOOKUP($C10,MOSFET!$A$2:$Q$11,11,FALSE),"") -> 18 | V10: =IFERROR(VLOOKUP($B10,MOSFET!$A$2:$Q$11,12,FALSE),0) -> 0 | W10: =IFERROR(VLOOKUP($C10,MOSFET!$A$2:$Q$11,12,FALSE),0) -> 0 | X10: =IFERROR(VLOOKUP($B10,MOSFET!$A$2:$Q$11,13,FALSE),"") -> 70 | Y10: =IFERROR(VLOOKUP($C10,MOSFET!$A$2:$Q$11,13,FALSE),"") -> 81 | Z10: =IFERROR(VLOOKUP($B10,MOSFET!$A$2:$Q$11,16,FALSE),"") -> 5.8 | AA10: =IFERROR(VLOOKUP($C10,MOSFET!$A$2:$Q$11,16,FALSE),"") -> 4.3 | AB10: =IFERROR(R10*SQRT(Config!$B$13/T10),"") -> 8.131728 | AC10: =IFERROR(S10*SQRT(Config!$B$13/U10),"") -> 8.125 | AD10: =IFERROR((1/(2*PI()))*SQRT((1+AB10*Config!$B$12)/(Config!$B$14*0.000000001*L10*0.000000000001))/1000000,"") -> 143.19374 | AE10: =IFERROR((1/(2*PI()))*SQRT((1+AC10*Config!$B$12)/(Config!$B$14*0.000000001*M10*0.000000000001))/1000000,"") -> 147.82959 | AF10: =IFERROR((AB10*N10*Config!$B$12^2/L10)/(1+(2*PI()*AD10*1000000*N10*0.000000000001*Config!$B$12)^2),"") -> 6.9763483 | AG10: =IFERROR((AC10*O10*Config!$B$12^2/M10)/(1+(2*PI()*AE10*1000000*O10*0.000000000001*Config!$B$12)^2),"") -> 5.0212656 | AH10: =IF(AF10="","",MAX(0,Config!$B$16*AF10-V10-Config!$B$15)) -> 9.7668876 | AI10: =IF(AG10="","",MAX(0,Config!$B$16*AG10-W10-Config!$B$15)) -> 7.0297718 | AJ10: =IF(AH10="","",IF(AH10<=10,10,IF(AH10>=10000,10000,IF(VLOOKUP(AH10,Notes!$F$2:$G$74,1,TRUE)=AH10,AH10,VLOOKUP(AH10,Notes!$F$2:$G$74,2,TRUE))))) -> 10 | AK10: =IF(AI10="","",IF(AI10<=10,10,IF(AI10>=10000,10000,IF(VLOOKUP(AI10,Notes!$F$2:$G$74,1,TRUE)=AI10,AI10,VLOOKUP(AI10,Notes!$F$2:$G$74,2,TRUE))))) -> 10 | AL10: =IFERROR(1/(2*PI()*AJ10*L10*0.000000000001)/1000000,"") -> 5.8512847 | AM10: =IFERROR(1/(2*PI()*AK10*M10*0.000000000001)/1000000,"") -> 6.2413703 | AN10: =IF(OR(AL10="",AM10=""),"",MIN(AL10,AM10)) -> 5.8512847 | AO10: =IFERROR(1/(2*PI()*AN10*1000000*L10*0.000000000001),"") -> 10 | AP10: =IFERROR(1/(2*PI()*AN10*1000000*M10*0.000000000001),"") -> 10.666667 | AQ10: =IF(AO10="","",IF(MAX(AH10,AO10)<=10,10,IF(MAX(AH10,AO10)>=10000,10000,IF(VLOOKUP(MAX(AH10,AO10),Notes!$F$2:$G$74,1,TRUE)=MAX(AH10,AO10),MAX(AH10,AO10),VLOOKUP(MAX(AH10,AO10),Notes!$F$2:$G$74,2,TRUE))))) -> 10 | AR10: =IF(AP10="","",IF(MAX(AI10,AP10)<=10,10,IF(MAX(AI10,AP10)>=10000,10000,IF(VLOOKUP(MAX(AI10,AP10),Notes!$F$2:$G$74,1,TRUE)=MAX(AI10,AP10),MAX(AI10,AP10),VLOOKUP(MAX(AI10,AP10),Notes!$F$2:$G$74,2,TRUE))))) -> 11 | AS10: =IFERROR(P10+(L10-P10)/(1+AB10*Config!$B$12),"") -> 144.58893 | AT10: =IFERROR(Q10+(M10-Q10)/(1+AC10*Config!$B$12),"") -> 146.9697 | AU10: =IFERROR(MAX(0,MIN(TAN(RADIANS(Config!$B$21))/(2*PI()*Config!$B$20*1000*AS10*0.000000000001)-V10-Config!$B$15,SQRT(10^(Config!$B$22/10)-1)/(2*PI()*Config!$B$20*1000*AS10*0.000000000001)-V10-Config!$B$15)),"") -> 963.02349 | AV10: =IFERROR(MAX(0,MIN(TAN(RADIANS(Config!$B$21))/(2*PI()*Config!$B$20*1000*AT10*0.000000000001)-W10-Config!$B$15,SQRT(10^(Config!$B$22/10)-1)/(2*PI()*Config!$B$20*1000*AT10*0.000000000001)-W10-Config!$B$15)),"") -> 947.42342 | AW10: =IF(AU10="","",IF(AU10<10,"<10",IF(AU10>=10000,10000,VLOOKUP(AU10,Notes!$F$2:$G$74,1,TRUE)))) -> 910 | AX10: =IF(AV10="","",IF(AV10<10,"<10",IF(AV10>=10000,10000,VLOOKUP(AV10,Notes!$F$2:$G$74,1,TRUE)))) -> 910 | AY10: =IFERROR(IF((IF(Config!$B$8="R14",Config!$B$9,Config!$B$9*CC10/CB10))<=10,10,IF((IF(Config!$B$8="R14",Config!$B$9,Config!$B$9*CC10/CB10))>=10000,10000,IF(ABS((IF(Config!$B$8="R14",Config!$B$9,Config!$B$9*CC10/CB10))-VLOOKUP((IF(Config!$B$8="R14",Config!$B$9,Config!$B$9*CC10/CB10)),Notes!$F$2:$G$74,1,TRUE))<=ABS(VLOOKUP((IF(Config!$B$8="R14",Config!$B$9,Config!$B$9*CC10/CB10)),Notes!$F$2:$G$74,2,TRUE)-(IF(Config!$B$8="R14",Config!$B$9,Config!$B$9*CC10/CB10))),VLOOKUP((IF(Config!$B$8="R14",Config!$B$9,Config!$B$9*CC10/CB10)),Notes!$F$2:$G$74,1,TRUE),VLOOKUP((IF(Config!$B$8="R14",Config!$B$9,Config!$B$9*CC10/CB10)),Notes!$F$2:$G$74,2,TRUE)))),"") -> 100 | AZ10: =IFERROR(IF((IF(Config!$B$8="R15",Config!$B$9,Config!$B$9*CB10/CC10))<=10,10,IF((IF(Config!$B$8="R15",Config!$B$9,Config!$B$9*CB10/CC10))>=10000,10000,IF(ABS((IF(Config!$B$8="R15",Config!$B$9,Config!$B$9*CB10/CC10))-VLOOKUP((IF(Config!$B$8="R15",Config!$B$9,Config!$B$9*CB10/CC10)),Notes!$F$2:$G$74,1,TRUE))<=ABS(VLOOKUP((IF(Config!$B$8="R15",Config!$B$9,Config!$B$9*CB10/CC10)),Notes!$F$2:$G$74,2,TRUE)-(IF(Config!$B$8="R15",Config!$B$9,Config!$B$9*CB10/CC10))),VLOOKUP((IF(Config!$B$8="R15",Config!$B$9,Config!$B$9*CB10/CC10)),Notes!$F$2:$G$74,1,TRUE),VLOOKUP((IF(Config!$B$8="R15",Config!$B$9,Config!$B$9*CB10/CC10)),Notes!$F$2:$G$74,2,TRUE)))),"") -> 110 | BA10: =IF(OR(AW10="<10",AX10="<10"),"NO",IF(AND(AY10>=AJ10,AY10<=AW10,AZ10>=AK10,AZ10<=AX10,ABS(1/(AY10*L10)-1/(AZ10*M10))/MIN(1/(AY10*L10),1/(AZ10*M10))<=Config!$B$19),"YES","NO")) -> YES | BB10: =IF(AND(D10="VALIDÉ / VALIDATED",E10>0,F10>0),E10,IF(BA10="YES",AY10,AQ10)) -> 100 | BC10: =IF(AND(D10="VALIDÉ / VALIDATED",E10>0,F10>0),F10,IF(BA10="YES",AZ10,AR10)) -> 110 | BD10: =IF(AND(D10="VALIDÉ / VALIDATED",E10>0,F10>0),_xlfn.CONCAT("TEST Q",17),IF(BA10="YES","CIBLE INITIALE","CALCUL THÉORIQUE INITIAL")) -> CIBLE INITIALE | BE10: =IFERROR(ABS(BB10*CB10-BC10*CC10)/MIN(BB10*CB10,BC10*CC10),"") -> 0.035752212 | BF10: =IF(B10="","",IF(VLOOKUP(B10,MOSFET!$A$2:$Q$11,2,FALSE)<>"N","NON – canal",IF(H10<2*Config!$B$11*Config!$B$17,"NON – Vdss",IF(J10<Config!$B$13*Config!$B$18,"NON – Id",IF(L10>Config!$B$23,"NON – Ciss",IF(OR(L10="",P10="",X10="",BQ10="",R10="",T10="",Z10=""),"DONNÉES À COMPLÉTER","OK")))))) -> OK | BG10: =IF(C10="","",IF(VLOOKUP(C10,MOSFET!$A$2:$Q$11,2,FALSE)<>"P","NON – canal",IF(I10<2*Config!$B$11*Config!$B$17,"NON – Vdss",IF(K10<Config!$B$13*Config!$B$18,"NON – Id",IF(M10>Config!$B$23,"NON – Ciss",IF(OR(M10="",Q10="",Y10="",BR10="",S10="",U10="",AA10=""),"DONNÉES À COMPLÉTER","OK")))))) -> OK | BH10: =IF(OR(BF10<>"OK",BG10<>"OK"),"NON – aptitude MOSFET",IF(AND(D10="VALIDÉ / VALIDATED",E10>0,F10>0),_xlfn.CONCAT("OUI – Q",17," confirmé"),IF(BO10>=0.82,"OUI – paire prioritaire / test scope requis",IF(BO10>=0.74,"OUI – paire acceptable / test scope requis","À ÉVALUER – compatibilité faible")))) -> OUI – paire prioritaire / test scope requis | BI10: =IFERROR((Config!$B$34*BY10+Config!$B$35*BZ10+Config!$B$36*CA10)/Config!$B$37,"") -> 0.95756985 | BJ10: =IFERROR(MIN(BQ10,BR10)/MAX(BQ10,BR10),"") -> 0.88095238 | BK10: =IFERROR(MIN(X10,Y10)/MAX(X10,Y10),"") -> 0.86419753 | BL10: =IFERROR(MIN(AB10,AC10)/MAX(AB10,AC10),"") -> 0.99917263 | BM10: =IFERROR(MIN(P10,Q10)/MAX(P10,Q10),"") -> 0.95454545 | BN10: =IFERROR(MIN(Z10,AA10)/MAX(Z10,AA10),"") -> 0.74137931 | BO10: =IFERROR((Config!$B$25*BI10+Config!$B$26*BJ10+Config!$B$27*BK10+Config!$B$28*BL10+Config!$B$29*BM10+Config!$B$30*BN10)/Config!$B$31,"") -> 0.91255943 | BP10: =IF(OR(BF10<>"OK",BG10<>"OK"),1,IF(BO10>=0.9,5,IF(BO10>=0.82,4,IF(BO10>=0.74,3,IF(BO10>=0.66,2,1))))) -> 5 | BQ10: =IFERROR(VLOOKUP($B10,MOSFET!$A$2:$Q$11,14,FALSE),"") -> 37 | BR10: =IFERROR(VLOOKUP($C10,MOSFET!$A$2:$Q$11,14,FALSE),"") -> 42 | BS10: =IFERROR(P10+(L10-P10)*(1-0),"") -> 2720 | BT10: =IFERROR(Q10+(M10-Q10)*(1-0),"") -> 2550 | BU10: =IFERROR(P10+(L10-P10)*(1-0.5),"") -> 1412.5 | BV10: =IFERROR(Q10+(M10-Q10)*(1-0.5),"") -> 1330 | BW10: =IFERROR(P10+(L10-P10)*(1-0.95),"") -> 235.75 | BX10: =IFERROR(Q10+(M10-Q10)*(1-0.95),"") -> 232 | BY10: =IFERROR(MIN(BS10,BT10)/MAX(BS10,BT10),"") -> 0.9375 | BZ10: =IFERROR(MIN(BU10,BV10)/MAX(BU10,BV10),"") -> 0.94159292 | CA10: =IFERROR(MIN(BW10,BX10)/MAX(BW10,BX10),"") -> 0.98409332 | CB10: =IFERROR(P10+(L10-P10)*(1-Config!$B$39),"") -> 1412.5 | CC10: =IFERROR(Q10+(M10-Q10)*(1-Config!$B$39),"") -> 1330 | CD10: =IF(OR(BF10<>"OK",BG10<>"OK"),"X – INADAPTÉ",IF(AND(BI10>=Config!$B$42,CE10>=Config!$B$43,CF10=0),"A – TRÈS BON CANDIDAT",IF(AND(BI10>=Config!$B$44,CE10>=Config!$B$45,CF10=0),"B – BON CANDIDAT","C – À ÉTUDIER"))) -> A – TRÈS BON CANDIDAT | CE10: =IFERROR(MIN(AY10,AZ10)/MAX(AY10,AZ10),"") -> 0.90909091 | CF10: =--(BJ10<Config!$B$46)+--(BK10<Config!$B$47)+--(BL10<Config!$B$47)+--(BM10<Config!$B$47)+--(BN10<Config!$B$48) -> 0 | CG10: =IF(CF10=0,"Aucune",IF(BJ10<Config!$B$46,"Qgd; ","")&IF(BK10<Config!$B$47,"Qg; ","")&IF(BL10<Config!$B$47,"gm; ","")&IF(BM10<Config!$B$47,"Crss; ","")&IF(BN10<Config!$B$48,"VGS; ","")) -> Aucune | CH10: =IF(D10="VALIDÉ / VALIDATED",IF(AND(E10>0,F10>0),"VALIDÉ R14/R15","VALIDATION INCOMPLÈTE"),IF(D10="TESTÉ – À ÉVALUER / TESTED – TO REVIEW","TESTÉ – À ÉVALUER",IF(D10="REJETÉ / REJECTED","REJETÉ","NON TESTÉ"))) -> TESTÉ – À ÉVALUER
A11: C5 | B11: FQA46N15 | C11: IXTQ26P20P | D11: =IFERROR(VLOOKUP(A11,Selection!$A$17:$I$28,4,FALSE),"NON TESTÉ / NOT TESTED") -> NON TESTÉ / NOT TESTED | E11: =IFERROR(VLOOKUP(A11,Selection!$A$17:$I$28,5,FALSE),"") -> 0 | F11: =IFERROR(VLOOKUP(A11,Selection!$A$17:$I$28,6,FALSE),"") -> 0 | G11: =IF(Config!$B$3="FR",IFERROR(T(VLOOKUP(A11,Selection!$A$17:$I$28,7,FALSE)),""),IF(IFERROR(T(VLOOKUP(A11,Selection!$A$17:$I$28,8,FALSE)),"")<>"",IFERROR(T(VLOOKUP(A11,Selection!$A$17:$I$28,8,FALSE)),""),IFERROR(T(VLOOKUP(A11,Selection!$A$17:$I$28,7,FALSE)),""))) -> Combination to validate on Q17. | H11: =IFERROR(VLOOKUP($B11,MOSFET!$A$2:$Q$11,5,FALSE),"") -> 150 | I11: =IFERROR(VLOOKUP($C11,MOSFET!$A$2:$Q$11,5,FALSE),"") -> 200 | J11: =IFERROR(VLOOKUP($B11,MOSFET!$A$2:$Q$11,6,FALSE),"") -> 50 | K11: =IFERROR(VLOOKUP($C11,MOSFET!$A$2:$Q$11,6,FALSE),"") -> 26 | L11: =IFERROR(VLOOKUP($B11,MOSFET!$A$2:$Q$11,7,FALSE),"") -> 2500 | M11: =IFERROR(VLOOKUP($C11,MOSFET!$A$2:$Q$11,7,FALSE),"") -> 2740 | N11: =IFERROR(VLOOKUP($B11,MOSFET!$A$2:$Q$11,8,FALSE),"") -> 520 | O11: =IFERROR(VLOOKUP($C11,MOSFET!$A$2:$Q$11,8,FALSE),"") -> 540 | P11: =IFERROR(VLOOKUP($B11,MOSFET!$A$2:$Q$11,9,FALSE),"") -> 100 | Q11: =IFERROR(VLOOKUP($C11,MOSFET!$A$2:$Q$11,9,FALSE),"") -> 100 | R11: =IFERROR(VLOOKUP($B11,MOSFET!$A$2:$Q$11,10,FALSE),"") -> 36 | S11: =IFERROR(VLOOKUP($C11,MOSFET!$A$2:$Q$11,10,FALSE),"") -> 17 | T11: =IFERROR(VLOOKUP($B11,MOSFET!$A$2:$Q$11,11,FALSE),"") -> 25 | U11: =IFERROR(VLOOKUP($C11,MOSFET!$A$2:$Q$11,11,FALSE),"") -> 13 | V11: =IFERROR(VLOOKUP($B11,MOSFET!$A$2:$Q$11,12,FALSE),0) -> 0 | W11: =IFERROR(VLOOKUP($C11,MOSFET!$A$2:$Q$11,12,FALSE),0) -> 0 | X11: =IFERROR(VLOOKUP($B11,MOSFET!$A$2:$Q$11,13,FALSE),"") -> 85 | Y11: =IFERROR(VLOOKUP($C11,MOSFET!$A$2:$Q$11,13,FALSE),"") -> 56 | Z11: =IFERROR(VLOOKUP($B11,MOSFET!$A$2:$Q$11,16,FALSE),"") -> 4.2 | AA11: =IFERROR(VLOOKUP($C11,MOSFET!$A$2:$Q$11,16,FALSE),"") -> 4.4 | AB11: =IFERROR(R11*SQRT(Config!$B$13/T11),"") -> 12.727922 | AC11: =IFERROR(S11*SQRT(Config!$B$13/U11),"") -> 8.3349357 | AD11: =IFERROR((1/(2*PI()))*SQRT((1+AB11*Config!$B$12)/(Config!$B$14*0.000000001*L11*0.000000000001))/1000000,"") -> 186.35259 | AE11: =IFERROR((1/(2*PI()))*SQRT((1+AC11*Config!$B$12)/(Config!$B$14*0.000000001*M11*0.000000000001))/1000000,"") -> 144.41515 | AF11: =IFERROR((AB11*N11*Config!$B$12^2/L11)/(1+(2*PI()*AD11*1000000*N11*0.000000000001*Config!$B$12)^2),"") -> 6.852577 | AG11: =IFERROR((AC11*O11*Config!$B$12^2/M11)/(1+(2*PI()*AE11*1000000*O11*0.000000000001*Config!$B$12)^2),"") -> 6.4237775 | AH11: =IF(AF11="","",MAX(0,Config!$B$16*AF11-V11-Config!$B$15)) -> 9.5936078 | AI11: =IF(AG11="","",MAX(0,Config!$B$16*AG11-W11-Config!$B$15)) -> 8.9932884 | AJ11: =IF(AH11="","",IF(AH11<=10,10,IF(AH11>=10000,10000,IF(VLOOKUP(AH11,Notes!$F$2:$G$74,1,TRUE)=AH11,AH11,VLOOKUP(AH11,Notes!$F$2:$G$74,2,TRUE))))) -> 10 | AK11: =IF(AI11="","",IF(AI11<=10,10,IF(AI11>=10000,10000,IF(VLOOKUP(AI11,Notes!$F$2:$G$74,1,TRUE)=AI11,AI11,VLOOKUP(AI11,Notes!$F$2:$G$74,2,TRUE))))) -> 10 | AL11: =IFERROR(1/(2*PI()*AJ11*L11*0.000000000001)/1000000,"") -> 6.3661977 | AM11: =IFERROR(1/(2*PI()*AK11*M11*0.000000000001)/1000000,"") -> 5.8085746 | AN11: =IF(OR(AL11="",AM11=""),"",MIN(AL11,AM11)) -> 5.8085746 | AO11: =IFERROR(1/(2*PI()*AN11*1000000*L11*0.000000000001),"") -> 10.96 | AP11: =IFERROR(1/(2*PI()*AN11*1000000*M11*0.000000000001),"") -> 10 | AQ11: =IF(AO11="","",IF(MAX(AH11,AO11)<=10,10,IF(MAX(AH11,AO11)>=10000,10000,IF(VLOOKUP(MAX(AH11,AO11),Notes!$F$2:$G$74,1,TRUE)=MAX(AH11,AO11),MAX(AH11,AO11),VLOOKUP(MAX(AH11,AO11),Notes!$F$2:$G$74,2,TRUE))))) -> 11 | AR11: =IF(AP11="","",IF(MAX(AI11,AP11)<=10,10,IF(MAX(AI11,AP11)>=10000,10000,IF(VLOOKUP(MAX(AI11,AP11),Notes!$F$2:$G$74,1,TRUE)=MAX(AI11,AP11),MAX(AI11,AP11),VLOOKUP(MAX(AI11,AP11),Notes!$F$2:$G$74,2,TRUE))))) -> 10 | AS11: =IFERROR(P11+(L11-P11)/(1+AB11*Config!$B$12),"") -> 123.341 | AT11: =IFERROR(Q11+(M11-Q11)/(1+AC11*Config!$B$12),"") -> 139.00739 | AU11: =IFERROR(MAX(0,MIN(TAN(RADIANS(Config!$B$21))/(2*PI()*Config!$B$20*1000*AS11*0.000000000001)-V11-Config!$B$15,SQRT(10^(Config!$B$22/10)-1)/(2*PI()*Config!$B$20*1000*AS11*0.000000000001)-V11-Config!$B$15)),"") -> 1128.9234 | AV11: =IFERROR(MAX(0,MIN(TAN(RADIANS(Config!$B$21))/(2*PI()*Config!$B$20*1000*AT11*0.000000000001)-W11-Config!$B$15,SQRT(10^(Config!$B$22/10)-1)/(2*PI()*Config!$B$20*1000*AT11*0.000000000001)-W11-Config!$B$15)),"") -> 1001.6916 | AW11: =IF(AU11="","",IF(AU11<10,"<10",IF(AU11>=10000,10000,VLOOKUP(AU11,Notes!$F$2:$G$74,1,TRUE)))) -> 1100 | AX11: =IF(AV11="","",IF(AV11<10,"<10",IF(AV11>=10000,10000,VLOOKUP(AV11,Notes!$F$2:$G$74,1,TRUE)))) -> 1000 | AY11: =IFERROR(IF((IF(Config!$B$8="R14",Config!$B$9,Config!$B$9*CC11/CB11))<=10,10,IF((IF(Config!$B$8="R14",Config!$B$9,Config!$B$9*CC11/CB11))>=10000,10000,IF(ABS((IF(Config!$B$8="R14",Config!$B$9,Config!$B$9*CC11/CB11))-VLOOKUP((IF(Config!$B$8="R14",Config!$B$9,Config!$B$9*CC11/CB11)),Notes!$F$2:$G$74,1,TRUE))<=ABS(VLOOKUP((IF(Config!$B$8="R14",Config!$B$9,Config!$B$9*CC11/CB11)),Notes!$F$2:$G$74,2,TRUE)-(IF(Config!$B$8="R14",Config!$B$9,Config!$B$9*CC11/CB11))),VLOOKUP((IF(Config!$B$8="R14",Config!$B$9,Config!$B$9*CC11/CB11)),Notes!$F$2:$G$74,1,TRUE),VLOOKUP((IF(Config!$B$8="R14",Config!$B$9,Config!$B$9*CC11/CB11)),Notes!$F$2:$G$74,2,TRUE)))),"") -> 100 | AZ11: =IFERROR(IF((IF(Config!$B$8="R15",Config!$B$9,Config!$B$9*CB11/CC11))<=10,10,IF((IF(Config!$B$8="R15",Config!$B$9,Config!$B$9*CB11/CC11))>=10000,10000,IF(ABS((IF(Config!$B$8="R15",Config!$B$9,Config!$B$9*CB11/CC11))-VLOOKUP((IF(Config!$B$8="R15",Config!$B$9,Config!$B$9*CB11/CC11)),Notes!$F$2:$G$74,1,TRUE))<=ABS(VLOOKUP((IF(Config!$B$8="R15",Config!$B$9,Config!$B$9*CB11/CC11)),Notes!$F$2:$G$74,2,TRUE)-(IF(Config!$B$8="R15",Config!$B$9,Config!$B$9*CB11/CC11))),VLOOKUP((IF(Config!$B$8="R15",Config!$B$9,Config!$B$9*CB11/CC11)),Notes!$F$2:$G$74,1,TRUE),VLOOKUP((IF(Config!$B$8="R15",Config!$B$9,Config!$B$9*CB11/CC11)),Notes!$F$2:$G$74,2,TRUE)))),"") -> 91 | BA11: =IF(OR(AW11="<10",AX11="<10"),"NO",IF(AND(AY11>=AJ11,AY11<=AW11,AZ11>=AK11,AZ11<=AX11,ABS(1/(AY11*L11)-1/(AZ11*M11))/MIN(1/(AY11*L11),1/(AZ11*M11))<=Config!$B$19),"YES","NO")) -> YES | BB11: =IF(AND(D11="VALIDÉ / VALIDATED",E11>0,F11>0),E11,IF(BA11="YES",AY11,AQ11)) -> 100 | BC11: =IF(AND(D11="VALIDÉ / VALIDATED",E11>0,F11>0),F11,IF(BA11="YES",AZ11,AR11)) -> 91 | BD11: =IF(AND(D11="VALIDÉ / VALIDATED",E11>0,F11>0),_xlfn.CONCAT("TEST Q",17),IF(BA11="YES","CIBLE INITIALE","CALCUL THÉORIQUE INITIAL")) -> CIBLE INITIALE | BE11: =IFERROR(ABS(BB11*CB11-BC11*CC11)/MIN(BB11*CB11,BC11*CC11),"") -> 0.0060362173 | BF11: =IF(B11="","",IF(VLOOKUP(B11,MOSFET!$A$2:$Q$11,2,FALSE)<>"N","NON – canal",IF(H11<2*Config!$B$11*Config!$B$17,"NON – Vdss",IF(J11<Config!$B$13*Config!$B$18,"NON – Id",IF(L11>Config!$B$23,"NON – Ciss",IF(OR(L11="",P11="",X11="",BQ11="",R11="",T11="",Z11=""),"DONNÉES À COMPLÉTER","OK")))))) -> OK | BG11: =IF(C11="","",IF(VLOOKUP(C11,MOSFET!$A$2:$Q$11,2,FALSE)<>"P","NON – canal",IF(I11<2*Config!$B$11*Config!$B$17,"NON – Vdss",IF(K11<Config!$B$13*Config!$B$18,"NON – Id",IF(M11>Config!$B$23,"NON – Ciss",IF(OR(M11="",Q11="",Y11="",BR11="",S11="",U11="",AA11=""),"DONNÉES À COMPLÉTER","OK")))))) -> OK | BH11: =IF(OR(BF11<>"OK",BG11<>"OK"),"NON – aptitude MOSFET",IF(AND(D11="VALIDÉ / VALIDATED",E11>0,F11>0),_xlfn.CONCAT("OUI – Q",17," confirmé"),IF(BO11>=0.82,"OUI – paire prioritaire / test scope requis",IF(BO11>=0.74,"OUI – paire acceptable / test scope requis","À ÉVALUER – compatibilité faible")))) -> OUI – paire acceptable / test scope requis | BI11: =IFERROR((Config!$B$34*BY11+Config!$B$35*BZ11+Config!$B$36*CA11)/Config!$B$37,"") -> 0.92783507 | BJ11: =IFERROR(MIN(BQ11,BR11)/MAX(BQ11,BR11),"") -> 0.48780488 | BK11: =IFERROR(MIN(X11,Y11)/MAX(X11,Y11),"") -> 0.65882353 | BL11: =IFERROR(MIN(AB11,AC11)/MAX(AB11,AC11),"") -> 0.6548544 | BM11: =IFERROR(MIN(P11,Q11)/MAX(P11,Q11),"") -> 1 | BN11: =IFERROR(MIN(Z11,AA11)/MAX(Z11,AA11),"") -> 0.95454545 | BO11: =IFERROR((Config!$B$25*BI11+Config!$B$26*BJ11+Config!$B$27*BK11+Config!$B$28*BL11+Config!$B$29*BM11+Config!$B$30*BN11)/Config!$B$31,"") -> 0.76841773 | BP11: =IF(OR(BF11<>"OK",BG11<>"OK"),1,IF(BO11>=0.9,5,IF(BO11>=0.82,4,IF(BO11>=0.74,3,IF(BO11>=0.66,2,1))))) -> 3 | BQ11: =IFERROR(VLOOKUP($B11,MOSFET!$A$2:$Q$11,14,FALSE),"") -> 41 | BR11: =IFERROR(VLOOKUP($C11,MOSFET!$A$2:$Q$11,14,FALSE),"") -> 20 | BS11: =IFERROR(P11+(L11-P11)*(1-0),"") -> 2500 | BT11: =IFERROR(Q11+(M11-Q11)*(1-0),"") -> 2740 | BU11: =IFERROR(P11+(L11-P11)*(1-0.5),"") -> 1300 | BV11: =IFERROR(Q11+(M11-Q11)*(1-0.5),"") -> 1420 | BW11: =IFERROR(P11+(L11-P11)*(1-0.95),"") -> 220 | BX11: =IFERROR(Q11+(M11-Q11)*(1-0.95),"") -> 232 | BY11: =IFERROR(MIN(BS11,BT11)/MAX(BS11,BT11),"") -> 0.91240876 | BZ11: =IFERROR(MIN(BU11,BV11)/MAX(BU11,BV11),"") -> 0.91549296 | CA11: =IFERROR(MIN(BW11,BX11)/MAX(BW11,BX11),"") -> 0.94827586 | CB11: =IFERROR(P11+(L11-P11)*(1-Config!$B$39),"") -> 1300 | CC11: =IFERROR(Q11+(M11-Q11)*(1-Config!$B$39),"") -> 1420 | CD11: =IF(OR(BF11<>"OK",BG11<>"OK"),"X – INADAPTÉ",IF(AND(BI11>=Config!$B$42,CE11>=Config!$B$43,CF11=0),"A – TRÈS BON CANDIDAT",IF(AND(BI11>=Config!$B$44,CE11>=Config!$B$45,CF11=0),"B – BON CANDIDAT","C – À ÉTUDIER"))) -> A – TRÈS BON CANDIDAT | CE11: =IFERROR(MIN(AY11,AZ11)/MAX(AY11,AZ11),"") -> 0.91 | CF11: =--(BJ11<Config!$B$46)+--(BK11<Config!$B$47)+--(BL11<Config!$B$47)+--(BM11<Config!$B$47)+--(BN11<Config!$B$48) -> 0 | CG11: =IF(CF11=0,"Aucune",IF(BJ11<Config!$B$46,"Qgd; ","")&IF(BK11<Config!$B$47,"Qg; ","")&IF(BL11<Config!$B$47,"gm; ","")&IF(BM11<Config!$B$47,"Crss; ","")&IF(BN11<Config!$B$48,"VGS; ","")) -> Aucune | CH11: =IF(D11="VALIDÉ / VALIDATED",IF(AND(E11>0,F11>0),"VALIDÉ R14/R15","VALIDATION INCOMPLÈTE"),IF(D11="TESTÉ – À ÉVALUER / TESTED – TO REVIEW","TESTÉ – À ÉVALUER",IF(D11="REJETÉ / REJECTED","REJETÉ","NON TESTÉ"))) -> NON TESTÉ
A12: C6 | B12: IXTQ36N30P | C12: IXTQ26P20P | D12: =IFERROR(VLOOKUP(A12,Selection!$A$17:$I$28,4,FALSE),"NON TESTÉ / NOT TESTED") -> NON TESTÉ / NOT TESTED | E12: =IFERROR(VLOOKUP(A12,Selection!$A$17:$I$28,5,FALSE),"") -> 0 | F12: =IFERROR(VLOOKUP(A12,Selection!$A$17:$I$28,6,FALSE),"") -> 0 | G12: =IF(Config!$B$3="FR",IFERROR(T(VLOOKUP(A12,Selection!$A$17:$I$28,7,FALSE)),""),IF(IFERROR(T(VLOOKUP(A12,Selection!$A$17:$I$28,8,FALSE)),"")<>"",IFERROR(T(VLOOKUP(A12,Selection!$A$17:$I$28,8,FALSE)),""),IFERROR(T(VLOOKUP(A12,Selection!$A$17:$I$28,7,FALSE)),""))) -> Combination to validate on Q17. | H12: =IFERROR(VLOOKUP($B12,MOSFET!$A$2:$Q$11,5,FALSE),"") -> 300 | I12: =IFERROR(VLOOKUP($C12,MOSFET!$A$2:$Q$11,5,FALSE),"") -> 200 | J12: =IFERROR(VLOOKUP($B12,MOSFET!$A$2:$Q$11,6,FALSE),"") -> 36 | K12: =IFERROR(VLOOKUP($C12,MOSFET!$A$2:$Q$11,6,FALSE),"") -> 26 | L12: =IFERROR(VLOOKUP($B12,MOSFET!$A$2:$Q$11,7,FALSE),"") -> 2250 | M12: =IFERROR(VLOOKUP($C12,MOSFET!$A$2:$Q$11,7,FALSE),"") -> 2740 | N12: =IFERROR(VLOOKUP($B12,MOSFET!$A$2:$Q$11,8,FALSE),"") -> 370 | O12: =IFERROR(VLOOKUP($C12,MOSFET!$A$2:$Q$11,8,FALSE),"") -> 540 | P12: =IFERROR(VLOOKUP($B12,MOSFET!$A$2:$Q$11,9,FALSE),"") -> 90 | Q12: =IFERROR(VLOOKUP($C12,MOSFET!$A$2:$Q$11,9,FALSE),"") -> 100 | R12: =IFERROR(VLOOKUP($B12,MOSFET!$A$2:$Q$11,10,FALSE),"") -> 22 | S12: =IFERROR(VLOOKUP($C12,MOSFET!$A$2:$Q$11,10,FALSE),"") -> 17 | T12: =IFERROR(VLOOKUP($B12,MOSFET!$A$2:$Q$11,11,FALSE),"") -> 18 | U12: =IFERROR(VLOOKUP($C12,MOSFET!$A$2:$Q$11,11,FALSE),"") -> 13 | V12: =IFERROR(VLOOKUP($B12,MOSFET!$A$2:$Q$11,12,FALSE),0) -> 0 | W12: =IFERROR(VLOOKUP($C12,MOSFET!$A$2:$Q$11,12,FALSE),0) -> 0 | X12: =IFERROR(VLOOKUP($B12,MOSFET!$A$2:$Q$11,13,FALSE),"") -> 70 | Y12: =IFERROR(VLOOKUP($C12,MOSFET!$A$2:$Q$11,13,FALSE),"") -> 56 | Z12: =IFERROR(VLOOKUP($B12,MOSFET!$A$2:$Q$11,16,FALSE),"") -> 5.7 | AA12: =IFERROR(VLOOKUP($C12,MOSFET!$A$2:$Q$11,16,FALSE),"") -> 4.4 | AB12: =IFERROR(R12*SQRT(Config!$B$13/T12),"") -> 9.1666667 | AC12: =IFERROR(S12*SQRT(Config!$B$13/U12),"") -> 8.3349357 | AD12: =IFERROR((1/(2*PI()))*SQRT((1+AB12*Config!$B$12)/(Config!$B$14*0.000000001*L12*0.000000000001))/1000000,"") -> 167.01676 | AE12: =IFERROR((1/(2*PI()))*SQRT((1+AC12*Config!$B$12)/(Config!$B$14*0.000000001*M12*0.000000000001))/1000000,"") -> 144.41515 | AF12: =IFERROR((AB12*N12*Config!$B$12^2/L12)/(1+(2*PI()*AD12*1000000*N12*0.000000000001*Config!$B$12)^2),"") -> 9.0598092 | AG12: =IFERROR((AC12*O12*Config!$B$12^2/M12)/(1+(2*PI()*AE12*1000000*O12*0.000000000001*Config!$B$12)^2),"") -> 6.4237775 | AH12: =IF(AF12="","",MAX(0,Config!$B$16*AF12-V12-Config!$B$15)) -> 12.683733 | AI12: =IF(AG12="","",MAX(0,Config!$B$16*AG12-W12-Config!$B$15)) -> 8.9932884 | AJ12: =IF(AH12="","",IF(AH12<=10,10,IF(AH12>=10000,10000,IF(VLOOKUP(AH12,Notes!$F$2:$G$74,1,TRUE)=AH12,AH12,VLOOKUP(AH12,Notes!$F$2:$G$74,2,TRUE))))) -> 13 | AK12: =IF(AI12="","",IF(AI12<=10,10,IF(AI12>=10000,10000,IF(VLOOKUP(AI12,Notes!$F$2:$G$74,1,TRUE)=AI12,AI12,VLOOKUP(AI12,Notes!$F$2:$G$74,2,TRUE))))) -> 10 | AL12: =IFERROR(1/(2*PI()*AJ12*L12*0.000000000001)/1000000,"") -> 5.4411946 | AM12: =IFERROR(1/(2*PI()*AK12*M12*0.000000000001)/1000000,"") -> 5.8085746 | AN12: =IF(OR(AL12="",AM12=""),"",MIN(AL12,AM12)) -> 5.4411946 | AO12: =IFERROR(1/(2*PI()*AN12*1000000*L12*0.000000000001),"") -> 13 | AP12: =IFERROR(1/(2*PI()*AN12*1000000*M12*0.000000000001),"") -> 10.675182 | AQ12: =IF(AO12="","",IF(MAX(AH12,AO12)<=10,10,IF(MAX(AH12,AO12)>=10000,10000,IF(VLOOKUP(MAX(AH12,AO12),Notes!$F$2:$G$74,1,TRUE)=MAX(AH12,AO12),MAX(AH12,AO12),VLOOKUP(MAX(AH12,AO12),Notes!$F$2:$G$74,2,TRUE))))) -> 13 | AR12: =IF(AP12="","",IF(MAX(AI12,AP12)<=10,10,IF(MAX(AI12,AP12)>=10000,10000,IF(VLOOKUP(MAX(AI12,AP12),Notes!$F$2:$G$74,1,TRUE)=MAX(AI12,AP12),MAX(AI12,AP12),VLOOKUP(MAX(AI12,AP12),Notes!$F$2:$G$74,2,TRUE))))) -> 11 | AS12: =IFERROR(P12+(L12-P12)/(1+AB12*Config!$B$12),"") -> 119.0583 | AT12: =IFERROR(Q12+(M12-Q12)/(1+AC12*Config!$B$12),"") -> 139.00739 | AU12: =IFERROR(MAX(0,MIN(TAN(RADIANS(Config!$B$21))/(2*PI()*Config!$B$20*1000*AS12*0.000000000001)-V12-Config!$B$15,SQRT(10^(Config!$B$22/10)-1)/(2*PI()*Config!$B$20*1000*AS12*0.000000000001)-V12-Config!$B$15)),"") -> 1169.5324 | AV12: =IFERROR(MAX(0,MIN(TAN(RADIANS(Config!$B$21))/(2*PI()*Config!$B$20*1000*AT12*0.000000000001)-W12-Config!$B$15,SQRT(10^(Config!$B$22/10)-1)/(2*PI()*Config!$B$20*1000*AT12*0.000000000001)-W12-Config!$B$15)),"") -> 1001.6916 | AW12: =IF(AU12="","",IF(AU12<10,"<10",IF(AU12>=10000,10000,VLOOKUP(AU12,Notes!$F$2:$G$74,1,TRUE)))) -> 1100 | AX12: =IF(AV12="","",IF(AV12<10,"<10",IF(AV12>=10000,10000,VLOOKUP(AV12,Notes!$F$2:$G$74,1,TRUE)))) -> 1000 | AY12: =IFERROR(IF((IF(Config!$B$8="R14",Config!$B$9,Config!$B$9*CC12/CB12))<=10,10,IF((IF(Config!$B$8="R14",Config!$B$9,Config!$B$9*CC12/CB12))>=10000,10000,IF(ABS((IF(Config!$B$8="R14",Config!$B$9,Config!$B$9*CC12/CB12))-VLOOKUP((IF(Config!$B$8="R14",Config!$B$9,Config!$B$9*CC12/CB12)),Notes!$F$2:$G$74,1,TRUE))<=ABS(VLOOKUP((IF(Config!$B$8="R14",Config!$B$9,Config!$B$9*CC12/CB12)),Notes!$F$2:$G$74,2,TRUE)-(IF(Config!$B$8="R14",Config!$B$9,Config!$B$9*CC12/CB12))),VLOOKUP((IF(Config!$B$8="R14",Config!$B$9,Config!$B$9*CC12/CB12)),Notes!$F$2:$G$74,1,TRUE),VLOOKUP((IF(Config!$B$8="R14",Config!$B$9,Config!$B$9*CC12/CB12)),Notes!$F$2:$G$74,2,TRUE)))),"") -> 100 | AZ12: =IFERROR(IF((IF(Config!$B$8="R15",Config!$B$9,Config!$B$9*CB12/CC12))<=10,10,IF((IF(Config!$B$8="R15",Config!$B$9,Config!$B$9*CB12/CC12))>=10000,10000,IF(ABS((IF(Config!$B$8="R15",Config!$B$9,Config!$B$9*CB12/CC12))-VLOOKUP((IF(Config!$B$8="R15",Config!$B$9,Config!$B$9*CB12/CC12)),Notes!$F$2:$G$74,1,TRUE))<=ABS(VLOOKUP((IF(Config!$B$8="R15",Config!$B$9,Config!$B$9*CB12/CC12)),Notes!$F$2:$G$74,2,TRUE)-(IF(Config!$B$8="R15",Config!$B$9,Config!$B$9*CB12/CC12))),VLOOKUP((IF(Config!$B$8="R15",Config!$B$9,Config!$B$9*CB12/CC12)),Notes!$F$2:$G$74,1,TRUE),VLOOKUP((IF(Config!$B$8="R15",Config!$B$9,Config!$B$9*CB12/CC12)),Notes!$F$2:$G$74,2,TRUE)))),"") -> 82 | BA12: =IF(OR(AW12="<10",AX12="<10"),"NO",IF(AND(AY12>=AJ12,AY12<=AW12,AZ12>=AK12,AZ12<=AX12,ABS(1/(AY12*L12)-1/(AZ12*M12))/MIN(1/(AY12*L12),1/(AZ12*M12))<=Config!$B$19),"YES","NO")) -> YES | BB12: =IF(AND(D12="VALIDÉ / VALIDATED",E12>0,F12>0),E12,IF(BA12="YES",AY12,AQ12)) -> 100 | BC12: =IF(AND(D12="VALIDÉ / VALIDATED",E12>0,F12>0),F12,IF(BA12="YES",AZ12,AR12)) -> 82 | BD12: =IF(AND(D12="VALIDÉ / VALIDATED",E12>0,F12>0),_xlfn.CONCAT("TEST Q",17),IF(BA12="YES","CIBLE INITIALE","CALCUL THÉORIQUE INITIAL")) -> CIBLE INITIALE | BE12: =IFERROR(ABS(BB12*CB12-BC12*CC12)/MIN(BB12*CB12,BC12*CC12),"") -> 0.0048093439 | BF12: =IF(B12="","",IF(VLOOKUP(B12,MOSFET!$A$2:$Q$11,2,FALSE)<>"N","NON – canal",IF(H12<2*Config!$B$11*Config!$B$17,"NON – Vdss",IF(J12<Config!$B$13*Config!$B$18,"NON – Id",IF(L12>Config!$B$23,"NON – Ciss",IF(OR(L12="",P12="",X12="",BQ12="",R12="",T12="",Z12=""),"DONNÉES À COMPLÉTER","OK")))))) -> OK | BG12: =IF(C12="","",IF(VLOOKUP(C12,MOSFET!$A$2:$Q$11,2,FALSE)<>"P","NON – canal",IF(I12<2*Config!$B$11*Config!$B$17,"NON – Vdss",IF(K12<Config!$B$13*Config!$B$18,"NON – Id",IF(M12>Config!$B$23,"NON – Ciss",IF(OR(M12="",Q12="",Y12="",BR12="",S12="",U12="",AA12=""),"DONNÉES À COMPLÉTER","OK")))))) -> OK | BH12: =IF(OR(BF12<>"OK",BG12<>"OK"),"NON – aptitude MOSFET",IF(AND(D12="VALIDÉ / VALIDATED",E12>0,F12>0),_xlfn.CONCAT("OUI – Q",17," confirmé"),IF(BO12>=0.82,"OUI – paire prioritaire / test scope requis",IF(BO12>=0.74,"OUI – paire acceptable / test scope requis","À ÉVALUER – compatibilité faible")))) -> OUI – paire acceptable / test scope requis | BI12: =IFERROR((Config!$B$34*BY12+Config!$B$35*BZ12+Config!$B$36*CA12)/Config!$B$37,"") -> 0.83505156 | BJ12: =IFERROR(MIN(BQ12,BR12)/MAX(BQ12,BR12),"") -> 0.57142857 | BK12: =IFERROR(MIN(X12,Y12)/MAX(X12,Y12),"") -> 0.8 | BL12: =IFERROR(MIN(AB12,AC12)/MAX(AB12,AC12),"") -> 0.90926572 | BM12: =IFERROR(MIN(P12,Q12)/MAX(P12,Q12),"") -> 0.9 | BN12: =IFERROR(MIN(Z12,AA12)/MAX(Z12,AA12),"") -> 0.77192982 | BO12: =IFERROR((Config!$B$25*BI12+Config!$B$26*BJ12+Config!$B$27*BK12+Config!$B$28*BL12+Config!$B$29*BM12+Config!$B$30*BN12)/Config!$B$31,"") -> 0.78838402 | BP12: =IF(OR(BF12<>"OK",BG12<>"OK"),1,IF(BO12>=0.9,5,IF(BO12>=0.82,4,IF(BO12>=0.74,3,IF(BO12>=0.66,2,1))))) -> 3 | BQ12: =IFERROR(VLOOKUP($B12,MOSFET!$A$2:$Q$11,14,FALSE),"") -> 35 | BR12: =IFERROR(VLOOKUP($C12,MOSFET!$A$2:$Q$11,14,FALSE),"") -> 20 | BS12: =IFERROR(P12+(L12-P12)*(1-0),"") -> 2250 | BT12: =IFERROR(Q12+(M12-Q12)*(1-0),"") -> 2740 | BU12: =IFERROR(P12+(L12-P12)*(1-0.5),"") -> 1170 | BV12: =IFERROR(Q12+(M12-Q12)*(1-0.5),"") -> 1420 | BW12: =IFERROR(P12+(L12-P12)*(1-0.95),"") -> 198 | BX12: =IFERROR(Q12+(M12-Q12)*(1-0.95),"") -> 232 | BY12: =IFERROR(MIN(BS12,BT12)/MAX(BS12,BT12),"") -> 0.82116788 | BZ12: =IFERROR(MIN(BU12,BV12)/MAX(BU12,BV12),"") -> 0.82394366 | CA12: =IFERROR(MIN(BW12,BX12)/MAX(BW12,BX12),"") -> 0.85344828 | CB12: =IFERROR(P12+(L12-P12)*(1-Config!$B$39),"") -> 1170 | CC12: =IFERROR(Q12+(M12-Q12)*(1-Config!$B$39),"") -> 1420 | CD12: =IF(OR(BF12<>"OK",BG12<>"OK"),"X – INADAPTÉ",IF(AND(BI12>=Config!$B$42,CE12>=Config!$B$43,CF12=0),"A – TRÈS BON CANDIDAT",IF(AND(BI12>=Config!$B$44,CE12>=Config!$B$45,CF12=0),"B – BON CANDIDAT","C – À ÉTUDIER"))) -> A – TRÈS BON CANDIDAT | CE12: =IFERROR(MIN(AY12,AZ12)/MAX(AY12,AZ12),"") -> 0.82 | CF12: =--(BJ12<Config!$B$46)+--(BK12<Config!$B$47)+--(BL12<Config!$B$47)+--(BM12<Config!$B$47)+--(BN12<Config!$B$48) -> 0 | CG12: =IF(CF12=0,"Aucune",IF(BJ12<Config!$B$46,"Qgd; ","")&IF(BK12<Config!$B$47,"Qg; ","")&IF(BL12<Config!$B$47,"gm; ","")&IF(BM12<Config!$B$47,"Crss; ","")&IF(BN12<Config!$B$48,"VGS; ","")) -> Aucune | CH12: =IF(D12="VALIDÉ / VALIDATED",IF(AND(E12>0,F12>0),"VALIDÉ R14/R15","VALIDATION INCOMPLÈTE"),IF(D12="TESTÉ – À ÉVALUER / TESTED – TO REVIEW","TESTÉ – À ÉVALUER",IF(D12="REJETÉ / REJECTED","REJETÉ","NON TESTÉ"))) -> NON TESTÉ
A13: C7 | B13: IXTQ50N20P | C13: IXTQ26P20P | D13: =IFERROR(VLOOKUP(A13,Selection!$A$17:$I$28,4,FALSE),"NON TESTÉ / NOT TESTED") -> VALIDÉ / VALIDATED | E13: =IFERROR(VLOOKUP(A13,Selection!$A$17:$I$28,5,FALSE),"") -> 0 | F13: =IFERROR(VLOOKUP(A13,Selection!$A$17:$I$28,6,FALSE),"") -> 0 | G13: =IF(Config!$B$3="FR",IFERROR(T(VLOOKUP(A13,Selection!$A$17:$I$28,7,FALSE)),""),IF(IFERROR(T(VLOOKUP(A13,Selection!$A$17:$I$28,8,FALSE)),"")<>"",IFERROR(T(VLOOKUP(A13,Selection!$A$17:$I$28,8,FALSE)),""),IFERROR(T(VLOOKUP(A13,Selection!$A$17:$I$28,7,FALSE)),""))) -> Combination to validate on Q17. | H13: =IFERROR(VLOOKUP($B13,MOSFET!$A$2:$Q$11,5,FALSE),"") -> 200 | I13: =IFERROR(VLOOKUP($C13,MOSFET!$A$2:$Q$11,5,FALSE),"") -> 200 | J13: =IFERROR(VLOOKUP($B13,MOSFET!$A$2:$Q$11,6,FALSE),"") -> 50 | K13: =IFERROR(VLOOKUP($C13,MOSFET!$A$2:$Q$11,6,FALSE),"") -> 26 | L13: =IFERROR(VLOOKUP($B13,MOSFET!$A$2:$Q$11,7,FALSE),"") -> 2720 | M13: =IFERROR(VLOOKUP($C13,MOSFET!$A$2:$Q$11,7,FALSE),"") -> 2740 | N13: =IFERROR(VLOOKUP($B13,MOSFET!$A$2:$Q$11,8,FALSE),"") -> 490 | O13: =IFERROR(VLOOKUP($C13,MOSFET!$A$2:$Q$11,8,FALSE),"") -> 540 | P13: =IFERROR(VLOOKUP($B13,MOSFET!$A$2:$Q$11,9,FALSE),"") -> 105 | Q13: =IFERROR(VLOOKUP($C13,MOSFET!$A$2:$Q$11,9,FALSE),"") -> 100 | R13: =IFERROR(VLOOKUP($B13,MOSFET!$A$2:$Q$11,10,FALSE),"") -> 23 | S13: =IFERROR(VLOOKUP($C13,MOSFET!$A$2:$Q$11,10,FALSE),"") -> 17 | T13: =IFERROR(VLOOKUP($B13,MOSFET!$A$2:$Q$11,11,FALSE),"") -> 25 | U13: =IFERROR(VLOOKUP($C13,MOSFET!$A$2:$Q$11,11,FALSE),"") -> 13 | V13: =IFERROR(VLOOKUP($B13,MOSFET!$A$2:$Q$11,12,FALSE),0) -> 0 | W13: =IFERROR(VLOOKUP($C13,MOSFET!$A$2:$Q$11,12,FALSE),0) -> 0 | X13: =IFERROR(VLOOKUP($B13,MOSFET!$A$2:$Q$11,13,FALSE),"") -> 70 | Y13: =IFERROR(VLOOKUP($C13,MOSFET!$A$2:$Q$11,13,FALSE),"") -> 56 | Z13: =IFERROR(VLOOKUP($B13,MOSFET!$A$2:$Q$11,16,FALSE),"") -> 5.8 | AA13: =IFERROR(VLOOKUP($C13,MOSFET!$A$2:$Q$11,16,FALSE),"") -> 4.4 | AB13: =IFERROR(R13*SQRT(Config!$B$13/T13),"") -> 8.131728 | AC13: =IFERROR(S13*SQRT(Config!$B$13/U13),"") -> 8.3349357 | AD13: =IFERROR((1/(2*PI()))*SQRT((1+AB13*Config!$B$12)/(Config!$B$14*0.000000001*L13*0.000000000001))/1000000,"") -> 143.19374 | AE13: =IFERROR((1/(2*PI()))*SQRT((1+AC13*Config!$B$12)/(Config!$B$14*0.000000001*M13*0.000000000001))/1000000,"") -> 144.41515 | AF13: =IFERROR((AB13*N13*Config!$B$12^2/L13)/(1+(2*PI()*AD13*1000000*N13*0.000000000001*Config!$B$12)^2),"") -> 6.9763483 | AG13: =IFERROR((AC13*O13*Config!$B$12^2/M13)/(1+(2*PI()*AE13*1000000*O13*0.000000000001*Config!$B$12)^2),"") -> 6.4237775 | AH13: =IF(AF13="","",MAX(0,Config!$B$16*AF13-V13-Config!$B$15)) -> 9.7668876 | AI13: =IF(AG13="","",MAX(0,Config!$B$16*AG13-W13-Config!$B$15)) -> 8.9932884 | AJ13: =IF(AH13="","",IF(AH13<=10,10,IF(AH13>=10000,10000,IF(VLOOKUP(AH13,Notes!$F$2:$G$74,1,TRUE)=AH13,AH13,VLOOKUP(AH13,Notes!$F$2:$G$74,2,TRUE))))) -> 10 | AK13: =IF(AI13="","",IF(AI13<=10,10,IF(AI13>=10000,10000,IF(VLOOKUP(AI13,Notes!$F$2:$G$74,1,TRUE)=AI13,AI13,VLOOKUP(AI13,Notes!$F$2:$G$74,2,TRUE))))) -> 10 | AL13: =IFERROR(1/(2*PI()*AJ13*L13*0.000000000001)/1000000,"") -> 5.8512847 | AM13: =IFERROR(1/(2*PI()*AK13*M13*0.000000000001)/1000000,"") -> 5.8085746 | AN13: =IF(OR(AL13="",AM13=""),"",MIN(AL13,AM13)) -> 5.8085746 | AO13: =IFERROR(1/(2*PI()*AN13*1000000*L13*0.000000000001),"") -> 10.073529 | AP13: =IFERROR(1/(2*PI()*AN13*1000000*M13*0.000000000001),"") -> 10 | AQ13: =IF(AO13="","",IF(MAX(AH13,AO13)<=10,10,IF(MAX(AH13,AO13)>=10000,10000,IF(VLOOKUP(MAX(AH13,AO13),Notes!$F$2:$G$74,1,TRUE)=MAX(AH13,AO13),MAX(AH13,AO13),VLOOKUP(MAX(AH13,AO13),Notes!$F$2:$G$74,2,TRUE))))) -> 11 | AR13: =IF(AP13="","",IF(MAX(AI13,AP13)<=10,10,IF(MAX(AI13,AP13)>=10000,10000,IF(VLOOKUP(MAX(AI13,AP13),Notes!$F$2:$G$74,1,TRUE)=MAX(AI13,AP13),MAX(AI13,AP13),VLOOKUP(MAX(AI13,AP13),Notes!$F$2:$G$74,2,TRUE))))) -> 10 | AS13: =IFERROR(P13+(L13-P13)/(1+AB13*Config!$B$12),"") -> 144.58893 | AT13: =IFERROR(Q13+(M13-Q13)/(1+AC13*Config!$B$12),"") -> 139.00739 | AU13: =IFERROR(MAX(0,MIN(TAN(RADIANS(Config!$B$21))/(2*PI()*Config!$B$20*1000*AS13*0.000000000001)-V13-Config!$B$15,SQRT(10^(Config!$B$22/10)-1)/(2*PI()*Config!$B$20*1000*AS13*0.000000000001)-V13-Config!$B$15)),"") -> 963.02349 | AV13: =IFERROR(MAX(0,MIN(TAN(RADIANS(Config!$B$21))/(2*PI()*Config!$B$20*1000*AT13*0.000000000001)-W13-Config!$B$15,SQRT(10^(Config!$B$22/10)-1)/(2*PI()*Config!$B$20*1000*AT13*0.000000000001)-W13-Config!$B$15)),"") -> 1001.6916 | AW13: =IF(AU13="","",IF(AU13<10,"<10",IF(AU13>=10000,10000,VLOOKUP(AU13,Notes!$F$2:$G$74,1,TRUE)))) -> 910 | AX13: =IF(AV13="","",IF(AV13<10,"<10",IF(AV13>=10000,10000,VLOOKUP(AV13,Notes!$F$2:$G$74,1,TRUE)))) -> 1000 | AY13: =IFERROR(IF((IF(Config!$B$8="R14",Config!$B$9,Config!$B$9*CC13/CB13))<=10,10,IF((IF(Config!$B$8="R14",Config!$B$9,Config!$B$9*CC13/CB13))>=10000,10000,IF(ABS((IF(Config!$B$8="R14",Config!$B$9,Config!$B$9*CC13/CB13))-VLOOKUP((IF(Config!$B$8="R14",Config!$B$9,Config!$B$9*CC13/CB13)),Notes!$F$2:$G$74,1,TRUE))<=ABS(VLOOKUP((IF(Config!$B$8="R14",Config!$B$9,Config!$B$9*CC13/CB13)),Notes!$F$2:$G$74,2,TRUE)-(IF(Config!$B$8="R14",Config!$B$9,Config!$B$9*CC13/CB13))),VLOOKUP((IF(Config!$B$8="R14",Config!$B$9,Config!$B$9*CC13/CB13)),Notes!$F$2:$G$74,1,TRUE),VLOOKUP((IF(Config!$B$8="R14",Config!$B$9,Config!$B$9*CC13/CB13)),Notes!$F$2:$G$74,2,TRUE)))),"") -> 100 | AZ13: =IFERROR(IF((IF(Config!$B$8="R15",Config!$B$9,Config!$B$9*CB13/CC13))<=10,10,IF((IF(Config!$B$8="R15",Config!$B$9,Config!$B$9*CB13/CC13))>=10000,10000,IF(ABS((IF(Config!$B$8="R15",Config!$B$9,Config!$B$9*CB13/CC13))-VLOOKUP((IF(Config!$B$8="R15",Config!$B$9,Config!$B$9*CB13/CC13)),Notes!$F$2:$G$74,1,TRUE))<=ABS(VLOOKUP((IF(Config!$B$8="R15",Config!$B$9,Config!$B$9*CB13/CC13)),Notes!$F$2:$G$74,2,TRUE)-(IF(Config!$B$8="R15",Config!$B$9,Config!$B$9*CB13/CC13))),VLOOKUP((IF(Config!$B$8="R15",Config!$B$9,Config!$B$9*CB13/CC13)),Notes!$F$2:$G$74,1,TRUE),VLOOKUP((IF(Config!$B$8="R15",Config!$B$9,Config!$B$9*CB13/CC13)),Notes!$F$2:$G$74,2,TRUE)))),"") -> 100 | BA13: =IF(OR(AW13="<10",AX13="<10"),"NO",IF(AND(AY13>=AJ13,AY13<=AW13,AZ13>=AK13,AZ13<=AX13,ABS(1/(AY13*L13)-1/(AZ13*M13))/MIN(1/(AY13*L13),1/(AZ13*M13))<=Config!$B$19),"YES","NO")) -> YES | BB13: =IF(AND(D13="VALIDÉ / VALIDATED",E13>0,F13>0),E13,IF(BA13="YES",AY13,AQ13)) -> 100 | BC13: =IF(AND(D13="VALIDÉ / VALIDATED",E13>0,F13>0),F13,IF(BA13="YES",AZ13,AR13)) -> 100 | BD13: =IF(AND(D13="VALIDÉ / VALIDATED",E13>0,F13>0),_xlfn.CONCAT("TEST Q",17),IF(BA13="YES","CIBLE INITIALE","CALCUL THÉORIQUE INITIAL")) -> CIBLE INITIALE | BE13: =IFERROR(ABS(BB13*CB13-BC13*CC13)/MIN(BB13*CB13,BC13*CC13),"") -> 0.0053097345 | BF13: =IF(B13="","",IF(VLOOKUP(B13,MOSFET!$A$2:$Q$11,2,FALSE)<>"N","NON – canal",IF(H13<2*Config!$B$11*Config!$B$17,"NON – Vdss",IF(J13<Config!$B$13*Config!$B$18,"NON – Id",IF(L13>Config!$B$23,"NON – Ciss",IF(OR(L13="",P13="",X13="",BQ13="",R13="",T13="",Z13=""),"DONNÉES À COMPLÉTER","OK")))))) -> OK | BG13: =IF(C13="","",IF(VLOOKUP(C13,MOSFET!$A$2:$Q$11,2,FALSE)<>"P","NON – canal",IF(I13<2*Config!$B$11*Config!$B$17,"NON – Vdss",IF(K13<Config!$B$13*Config!$B$18,"NON – Id",IF(M13>Config!$B$23,"NON – Ciss",IF(OR(M13="",Q13="",Y13="",BR13="",S13="",U13="",AA13=""),"DONNÉES À COMPLÉTER","OK")))))) -> OK | BH13: =IF(OR(BF13<>"OK",BG13<>"OK"),"NON – aptitude MOSFET",IF(AND(D13="VALIDÉ / VALIDATED",E13>0,F13>0),_xlfn.CONCAT("OUI – Q",17," confirmé"),IF(BO13>=0.82,"OUI – paire prioritaire / test scope requis",IF(BO13>=0.74,"OUI – paire acceptable / test scope requis","À ÉVALUER – compatibilité faible")))) -> OUI – paire prioritaire / test scope requis | BI13: =IFERROR((Config!$B$34*BY13+Config!$B$35*BZ13+Config!$B$36*CA13)/Config!$B$37,"") -> 0.98996392 | BJ13: =IFERROR(MIN(BQ13,BR13)/MAX(BQ13,BR13),"") -> 0.54054054 | BK13: =IFERROR(MIN(X13,Y13)/MAX(X13,Y13),"") -> 0.8 | BL13: =IFERROR(MIN(AB13,AC13)/MAX(AB13,AC13),"") -> 0.97561976 | BM13: =IFERROR(MIN(P13,Q13)/MAX(P13,Q13),"") -> 0.95238095 | BN13: =IFERROR(MIN(Z13,AA13)/MAX(Z13,AA13),"") -> 0.75862069 | BO13: =IFERROR((Config!$B$25*BI13+Config!$B$26*BJ13+Config!$B$27*BK13+Config!$B$28*BL13+Config!$B$29*BM13+Config!$B$30*BN13)/Config!$B$31,"") -> 0.84254041 | BP13: =IF(OR(BF13<>"OK",BG13<>"OK"),1,IF(BO13>=0.9,5,IF(BO13>=0.82,4,IF(BO13>=0.74,3,IF(BO13>=0.66,2,1))))) -> 4 | BQ13: =IFERROR(VLOOKUP($B13,MOSFET!$A$2:$Q$11,14,FALSE),"") -> 37 | BR13: =IFERROR(VLOOKUP($C13,MOSFET!$A$2:$Q$11,14,FALSE),"") -> 20 | BS13: =IFERROR(P13+(L13-P13)*(1-0),"") -> 2720 | BT13: =IFERROR(Q13+(M13-Q13)*(1-0),"") -> 2740 | BU13: =IFERROR(P13+(L13-P13)*(1-0.5),"") -> 1412.5 | BV13: =IFERROR(Q13+(M13-Q13)*(1-0.5),"") -> 1420 | BW13: =IFERROR(P13+(L13-P13)*(1-0.95),"") -> 235.75 | BX13: =IFERROR(Q13+(M13-Q13)*(1-0.95),"") -> 232 | BY13: =IFERROR(MIN(BS13,BT13)/MAX(BS13,BT13),"") -> 0.99270073 | BZ13: =IFERROR(MIN(BU13,BV13)/MAX(BU13,BV13),"") -> 0.99471831 | CA13: =IFERROR(MIN(BW13,BX13)/MAX(BW13,BX13),"") -> 0.98409332 | CB13: =IFERROR(P13+(L13-P13)*(1-Config!$B$39),"") -> 1412.5 | CC13: =IFERROR(Q13+(M13-Q13)*(1-Config!$B$39),"") -> 1420 | CD13: =IF(OR(BF13<>"OK",BG13<>"OK"),"X – INADAPTÉ",IF(AND(BI13>=Config!$B$42,CE13>=Config!$B$43,CF13=0),"A – TRÈS BON CANDIDAT",IF(AND(BI13>=Config!$B$44,CE13>=Config!$B$45,CF13=0),"B – BON CANDIDAT","C – À ÉTUDIER"))) -> A – TRÈS BON CANDIDAT | CE13: =IFERROR(MIN(AY13,AZ13)/MAX(AY13,AZ13),"") -> 1 | CF13: =--(BJ13<Config!$B$46)+--(BK13<Config!$B$47)+--(BL13<Config!$B$47)+--(BM13<Config!$B$47)+--(BN13<Config!$B$48) -> 0 | CG13: =IF(CF13=0,"Aucune",IF(BJ13<Config!$B$46,"Qgd; ","")&IF(BK13<Config!$B$47,"Qg; ","")&IF(BL13<Config!$B$47,"gm; ","")&IF(BM13<Config!$B$47,"Crss; ","")&IF(BN13<Config!$B$48,"VGS; ","")) -> Aucune | CH13: =IF(D13="VALIDÉ / VALIDATED",IF(AND(E13>0,F13>0),"VALIDÉ R14/R15","VALIDATION INCOMPLÈTE"),IF(D13="TESTÉ – À ÉVALUER / TESTED – TO REVIEW","TESTÉ – À ÉVALUER",IF(D13="REJETÉ / REJECTED","REJETÉ","NON TESTÉ"))) -> VALIDATION INCOMPLÈTE
A14: C16 | B14: IXTQ74N20P | C14: FQA36P15 | D14: =IFERROR(VLOOKUP(A14,Selection!$A$17:$I$28,4,FALSE),"NON TESTÉ / NOT TESTED") -> NON TESTÉ / NOT TESTED | E14: =IFERROR(VLOOKUP(A14,Selection!$A$17:$I$28,5,FALSE),"") -> 0 | F14: =IFERROR(VLOOKUP(A14,Selection!$A$17:$I$28,6,FALSE),"") -> 0 | G14: =IF(Config!$B$3="FR",IFERROR(T(VLOOKUP(A14,Selection!$A$17:$I$28,7,FALSE)),""),IF(IFERROR(T(VLOOKUP(A14,Selection!$A$17:$I$28,8,FALSE)),"")<>"",IFERROR(T(VLOOKUP(A14,Selection!$A$17:$I$28,8,FALSE)),""),IFERROR(T(VLOOKUP(A14,Selection!$A$17:$I$28,7,FALSE)),""))) -> Combination to validate on Q17. | H14: =IFERROR(VLOOKUP($B14,MOSFET!$A$2:$Q$11,5,FALSE),"") -> 200 | I14: =IFERROR(VLOOKUP($C14,MOSFET!$A$2:$Q$11,5,FALSE),"") -> 150 | J14: =IFERROR(VLOOKUP($B14,MOSFET!$A$2:$Q$11,6,FALSE),"") -> 74 | K14: =IFERROR(VLOOKUP($C14,MOSFET!$A$2:$Q$11,6,FALSE),"") -> 36 | L14: =IFERROR(VLOOKUP($B14,MOSFET!$A$2:$Q$11,7,FALSE),"") -> 3300 | M14: =IFERROR(VLOOKUP($C14,MOSFET!$A$2:$Q$11,7,FALSE),"") -> 2550 | N14: =IFERROR(VLOOKUP($B14,MOSFET!$A$2:$Q$11,8,FALSE),"") -> 800 | O14: =IFERROR(VLOOKUP($C14,MOSFET!$A$2:$Q$11,8,FALSE),"") -> 710 | P14: =IFERROR(VLOOKUP($B14,MOSFET!$A$2:$Q$11,9,FALSE),"") -> 190 | Q14: =IFERROR(VLOOKUP($C14,MOSFET!$A$2:$Q$11,9,FALSE),"") -> 110 | R14: =IFERROR(VLOOKUP($B14,MOSFET!$A$2:$Q$11,10,FALSE),"") -> 44 | S14: =IFERROR(VLOOKUP($C14,MOSFET!$A$2:$Q$11,10,FALSE),"") -> 19.5 | T14: =IFERROR(VLOOKUP($B14,MOSFET!$A$2:$Q$11,11,FALSE),"") -> 37 | U14: =IFERROR(VLOOKUP($C14,MOSFET!$A$2:$Q$11,11,FALSE),"") -> 18 | V14: =IFERROR(VLOOKUP($B14,MOSFET!$A$2:$Q$11,12,FALSE),0) -> 0 | W14: =IFERROR(VLOOKUP($C14,MOSFET!$A$2:$Q$11,12,FALSE),0) -> 0 | X14: =IFERROR(VLOOKUP($B14,MOSFET!$A$2:$Q$11,13,FALSE),"") -> 107 | Y14: =IFERROR(VLOOKUP($C14,MOSFET!$A$2:$Q$11,13,FALSE),"") -> 81 | Z14: =IFERROR(VLOOKUP($B14,MOSFET!$A$2:$Q$11,16,FALSE),"") -> 4.6 | AA14: =IFERROR(VLOOKUP($C14,MOSFET!$A$2:$Q$11,16,FALSE),"") -> 4.3 | AB14: =IFERROR(R14*SQRT(Config!$B$13/T14),"") -> 12.78724 | AC14: =IFERROR(S14*SQRT(Config!$B$13/U14),"") -> 8.125 | AD14: =IFERROR((1/(2*PI()))*SQRT((1+AB14*Config!$B$12)/(Config!$B$14*0.000000001*L14*0.000000000001))/1000000,"") -> 162.57297 | AE14: =IFERROR((1/(2*PI()))*SQRT((1+AC14*Config!$B$12)/(Config!$B$14*0.000000001*M14*0.000000000001))/1000000,"") -> 147.82959 | AF14: =IFERROR((AB14*N14*Config!$B$12^2/L14)/(1+(2*PI()*AD14*1000000*N14*0.000000000001*Config!$B$12)^2),"") -> 4.5359873 | AG14: =IFERROR((AC14*O14*Config!$B$12^2/M14)/(1+(2*PI()*AE14*1000000*O14*0.000000000001*Config!$B$12)^2),"") -> 5.0212656 | AH14: =IF(AF14="","",MAX(0,Config!$B$16*AF14-V14-Config!$B$15)) -> 6.3503822 | AI14: =IF(AG14="","",MAX(0,Config!$B$16*AG14-W14-Config!$B$15)) -> 7.0297718 | AJ14: =IF(AH14="","",IF(AH14<=10,10,IF(AH14>=10000,10000,IF(VLOOKUP(AH14,Notes!$F$2:$G$74,1,TRUE)=AH14,AH14,VLOOKUP(AH14,Notes!$F$2:$G$74,2,TRUE))))) -> 10 | AK14: =IF(AI14="","",IF(AI14<=10,10,IF(AI14>=10000,10000,IF(VLOOKUP(AI14,Notes!$F$2:$G$74,1,TRUE)=AI14,AI14,VLOOKUP(AI14,Notes!$F$2:$G$74,2,TRUE))))) -> 10 | AL14: =IFERROR(1/(2*PI()*AJ14*L14*0.000000000001)/1000000,"") -> 4.8228771 | AM14: =IFERROR(1/(2*PI()*AK14*M14*0.000000000001)/1000000,"") -> 6.2413703 | AN14: =IF(OR(AL14="",AM14=""),"",MIN(AL14,AM14)) -> 4.8228771 | AO14: =IFERROR(1/(2*PI()*AN14*1000000*L14*0.000000000001),"") -> 10 | AP14: =IFERROR(1/(2*PI()*AN14*1000000*M14*0.000000000001),"") -> 12.941176 | AQ14: =IF(AO14="","",IF(MAX(AH14,AO14)<=10,10,IF(MAX(AH14,AO14)>=10000,10000,IF(VLOOKUP(MAX(AH14,AO14),Notes!$F$2:$G$74,1,TRUE)=MAX(AH14,AO14),MAX(AH14,AO14),VLOOKUP(MAX(AH14,AO14),Notes!$F$2:$G$74,2,TRUE))))) -> 10 | AR14: =IF(AP14="","",IF(MAX(AI14,AP14)<=10,10,IF(MAX(AI14,AP14)>=10000,10000,IF(VLOOKUP(MAX(AI14,AP14),Notes!$F$2:$G$74,1,TRUE)=MAX(AI14,AP14),MAX(AI14,AP14),VLOOKUP(MAX(AI14,AP14),Notes!$F$2:$G$74,2,TRUE))))) -> 13 | AS14: =IFERROR(P14+(L14-P14)/(1+AB14*Config!$B$12),"") -> 220.10709 | AT14: =IFERROR(Q14+(M14-Q14)/(1+AC14*Config!$B$12),"") -> 146.9697 | AU14: =IFERROR(MAX(0,MIN(TAN(RADIANS(Config!$B$21))/(2*PI()*Config!$B$20*1000*AS14*0.000000000001)-V14-Config!$B$15,SQRT(10^(Config!$B$22/10)-1)/(2*PI()*Config!$B$20*1000*AS14*0.000000000001)-V14-Config!$B$15)),"") -> 632.61266 | AV14: =IFERROR(MAX(0,MIN(TAN(RADIANS(Config!$B$21))/(2*PI()*Config!$B$20*1000*AT14*0.000000000001)-W14-Config!$B$15,SQRT(10^(Config!$B$22/10)-1)/(2*PI()*Config!$B$20*1000*AT14*0.000000000001)-W14-Config!$B$15)),"") -> 947.42342 | AW14: =IF(AU14="","",IF(AU14<10,"<10",IF(AU14>=10000,10000,VLOOKUP(AU14,Notes!$F$2:$G$74,1,TRUE)))) -> 620 | AX14: =IF(AV14="","",IF(AV14<10,"<10",IF(AV14>=10000,10000,VLOOKUP(AV14,Notes!$F$2:$G$74,1,TRUE)))) -> 910 | AY14: =IFERROR(IF((IF(Config!$B$8="R14",Config!$B$9,Config!$B$9*CC14/CB14))<=10,10,IF((IF(Config!$B$8="R14",Config!$B$9,Config!$B$9*CC14/CB14))>=10000,10000,IF(ABS((IF(Config!$B$8="R14",Config!$B$9,Config!$B$9*CC14/CB14))-VLOOKUP((IF(Config!$B$8="R14",Config!$B$9,Config!$B$9*CC14/CB14)),Notes!$F$2:$G$74,1,TRUE))<=ABS(VLOOKUP((IF(Config!$B$8="R14",Config!$B$9,Config!$B$9*CC14/CB14)),Notes!$F$2:$G$74,2,TRUE)-(IF(Config!$B$8="R14",Config!$B$9,Config!$B$9*CC14/CB14))),VLOOKUP((IF(Config!$B$8="R14",Config!$B$9,Config!$B$9*CC14/CB14)),Notes!$F$2:$G$74,1,TRUE),VLOOKUP((IF(Config!$B$8="R14",Config!$B$9,Config!$B$9*CC14/CB14)),Notes!$F$2:$G$74,2,TRUE)))),"") -> 100 | AZ14: =IFERROR(IF((IF(Config!$B$8="R15",Config!$B$9,Config!$B$9*CB14/CC14))<=10,10,IF((IF(Config!$B$8="R15",Config!$B$9,Config!$B$9*CB14/CC14))>=10000,10000,IF(ABS((IF(Config!$B$8="R15",Config!$B$9,Config!$B$9*CB14/CC14))-VLOOKUP((IF(Config!$B$8="R15",Config!$B$9,Config!$B$9*CB14/CC14)),Notes!$F$2:$G$74,1,TRUE))<=ABS(VLOOKUP((IF(Config!$B$8="R15",Config!$B$9,Config!$B$9*CB14/CC14)),Notes!$F$2:$G$74,2,TRUE)-(IF(Config!$B$8="R15",Config!$B$9,Config!$B$9*CB14/CC14))),VLOOKUP((IF(Config!$B$8="R15",Config!$B$9,Config!$B$9*CB14/CC14)),Notes!$F$2:$G$74,1,TRUE),VLOOKUP((IF(Config!$B$8="R15",Config!$B$9,Config!$B$9*CB14/CC14)),Notes!$F$2:$G$74,2,TRUE)))),"") -> 130 | BA14: =IF(OR(AW14="<10",AX14="<10"),"NO",IF(AND(AY14>=AJ14,AY14<=AW14,AZ14>=AK14,AZ14<=AX14,ABS(1/(AY14*L14)-1/(AZ14*M14))/MIN(1/(AY14*L14),1/(AZ14*M14))<=Config!$B$19),"YES","NO")) -> YES | BB14: =IF(AND(D14="VALIDÉ / VALIDATED",E14>0,F14>0),E14,IF(BA14="YES",AY14,AQ14)) -> 100 | BC14: =IF(AND(D14="VALIDÉ / VALIDATED",E14>0,F14>0),F14,IF(BA14="YES",AZ14,AR14)) -> 130 | BD14: =IF(AND(D14="VALIDÉ / VALIDATED",E14>0,F14>0),_xlfn.CONCAT("TEST Q",17),IF(BA14="YES","CIBLE INITIALE","CALCUL THÉORIQUE INITIAL")) -> CIBLE INITIALE | BE14: =IFERROR(ABS(BB14*CB14-BC14*CC14)/MIN(BB14*CB14,BC14*CC14),"") -> 0.009253904 | BF14: =IF(B14="","",IF(VLOOKUP(B14,MOSFET!$A$2:$Q$11,2,FALSE)<>"N","NON – canal",IF(H14<2*Config!$B$11*Config!$B$17,"NON – Vdss",IF(J14<Config!$B$13*Config!$B$18,"NON – Id",IF(L14>Config!$B$23,"NON – Ciss",IF(OR(L14="",P14="",X14="",BQ14="",R14="",T14="",Z14=""),"DONNÉES À COMPLÉTER","OK")))))) -> OK | BG14: =IF(C14="","",IF(VLOOKUP(C14,MOSFET!$A$2:$Q$11,2,FALSE)<>"P","NON – canal",IF(I14<2*Config!$B$11*Config!$B$17,"NON – Vdss",IF(K14<Config!$B$13*Config!$B$18,"NON – Id",IF(M14>Config!$B$23,"NON – Ciss",IF(OR(M14="",Q14="",Y14="",BR14="",S14="",U14="",AA14=""),"DONNÉES À COMPLÉTER","OK")))))) -> OK | BH14: =IF(OR(BF14<>"OK",BG14<>"OK"),"NON – aptitude MOSFET",IF(AND(D14="VALIDÉ / VALIDATED",E14>0,F14>0),_xlfn.CONCAT("OUI – Q",17," confirmé"),IF(BO14>=0.82,"OUI – paire prioritaire / test scope requis",IF(BO14>=0.74,"OUI – paire acceptable / test scope requis","À ÉVALUER – compatibilité faible")))) -> OUI – paire acceptable / test scope requis | BI14: =IFERROR((Config!$B$34*BY14+Config!$B$35*BZ14+Config!$B$36*CA14)/Config!$B$37,"") -> 0.72854023 | BJ14: =IFERROR(MIN(BQ14,BR14)/MAX(BQ14,BR14),"") -> 0.80769231 | BK14: =IFERROR(MIN(X14,Y14)/MAX(X14,Y14),"") -> 0.75700935 | BL14: =IFERROR(MIN(AB14,AC14)/MAX(AB14,AC14),"") -> 0.63539903 | BM14: =IFERROR(MIN(P14,Q14)/MAX(P14,Q14),"") -> 0.57894737 | BN14: =IFERROR(MIN(Z14,AA14)/MAX(Z14,AA14),"") -> 0.93478261 | BO14: =IFERROR((Config!$B$25*BI14+Config!$B$26*BJ14+Config!$B$27*BK14+Config!$B$28*BL14+Config!$B$29*BM14+Config!$B$30*BN14)/Config!$B$31,"") -> 0.74033478 | BP14: =IF(OR(BF14<>"OK",BG14<>"OK"),1,IF(BO14>=0.9,5,IF(BO14>=0.82,4,IF(BO14>=0.74,3,IF(BO14>=0.66,2,1))))) -> 3 | BQ14: =IFERROR(VLOOKUP($B14,MOSFET!$A$2:$Q$11,14,FALSE),"") -> 52 | BR14: =IFERROR(VLOOKUP($C14,MOSFET!$A$2:$Q$11,14,FALSE),"") -> 42 | BS14: =IFERROR(P14+(L14-P14)*(1-0),"") -> 3300 | BT14: =IFERROR(Q14+(M14-Q14)*(1-0),"") -> 2550 | BU14: =IFERROR(P14+(L14-P14)*(1-0.5),"") -> 1745 | BV14: =IFERROR(Q14+(M14-Q14)*(1-0.5),"") -> 1330 | BW14: =IFERROR(P14+(L14-P14)*(1-0.95),"") -> 345.5 | BX14: =IFERROR(Q14+(M14-Q14)*(1-0.95),"") -> 232 | BY14: =IFERROR(MIN(BS14,BT14)/MAX(BS14,BT14),"") -> 0.77272727 | BZ14: =IFERROR(MIN(BU14,BV14)/MAX(BU14,BV14),"") -> 0.76217765 | CA14: =IFERROR(MIN(BW14,BX14)/MAX(BW14,BX14),"") -> 0.67149059 | CB14: =IFERROR(P14+(L14-P14)*(1-Config!$B$39),"") -> 1745 | CC14: =IFERROR(Q14+(M14-Q14)*(1-Config!$B$39),"") -> 1330 | CD14: =IF(OR(BF14<>"OK",BG14<>"OK"),"X – INADAPTÉ",IF(AND(BI14>=Config!$B$42,CE14>=Config!$B$43,CF14=0),"A – TRÈS BON CANDIDAT",IF(AND(BI14>=Config!$B$44,CE14>=Config!$B$45,CF14=0),"B – BON CANDIDAT","C – À ÉTUDIER"))) -> C – À ÉTUDIER | CE14: =IFERROR(MIN(AY14,AZ14)/MAX(AY14,AZ14),"") -> 0.76923077 | CF14: =--(BJ14<Config!$B$46)+--(BK14<Config!$B$47)+--(BL14<Config!$B$47)+--(BM14<Config!$B$47)+--(BN14<Config!$B$48) -> 0 | CG14: =IF(CF14=0,"Aucune",IF(BJ14<Config!$B$46,"Qgd; ","")&IF(BK14<Config!$B$47,"Qg; ","")&IF(BL14<Config!$B$47,"gm; ","")&IF(BM14<Config!$B$47,"Crss; ","")&IF(BN14<Config!$B$48,"VGS; ","")) -> Aucune | CH14: =IF(D14="VALIDÉ / VALIDATED",IF(AND(E14>0,F14>0),"VALIDÉ R14/R15","VALIDATION INCOMPLÈTE"),IF(D14="TESTÉ – À ÉVALUER / TESTED – TO REVIEW","TESTÉ – À ÉVALUER",IF(D14="REJETÉ / REJECTED","REJETÉ","NON TESTÉ"))) -> NON TESTÉ
A15: C17 | B15: IXTQ74N20P | C15: IXTQ36P15P | D15: =IFERROR(VLOOKUP(A15,Selection!$A$17:$I$28,4,FALSE),"NON TESTÉ / NOT TESTED") -> NON TESTÉ / NOT TESTED | E15: =IFERROR(VLOOKUP(A15,Selection!$A$17:$I$28,5,FALSE),"") -> 0 | F15: =IFERROR(VLOOKUP(A15,Selection!$A$17:$I$28,6,FALSE),"") -> 0 | G15: =IF(Config!$B$3="FR",IFERROR(T(VLOOKUP(A15,Selection!$A$17:$I$28,7,FALSE)),""),IF(IFERROR(T(VLOOKUP(A15,Selection!$A$17:$I$28,8,FALSE)),"")<>"",IFERROR(T(VLOOKUP(A15,Selection!$A$17:$I$28,8,FALSE)),""),IFERROR(T(VLOOKUP(A15,Selection!$A$17:$I$28,7,FALSE)),""))) -> Combination to validate on Q17. | H15: =IFERROR(VLOOKUP($B15,MOSFET!$A$2:$Q$11,5,FALSE),"") -> 200 | I15: =IFERROR(VLOOKUP($C15,MOSFET!$A$2:$Q$11,5,FALSE),"") -> 150 | J15: =IFERROR(VLOOKUP($B15,MOSFET!$A$2:$Q$11,6,FALSE),"") -> 74 | K15: =IFERROR(VLOOKUP($C15,MOSFET!$A$2:$Q$11,6,FALSE),"") -> 36 | L15: =IFERROR(VLOOKUP($B15,MOSFET!$A$2:$Q$11,7,FALSE),"") -> 3300 | M15: =IFERROR(VLOOKUP($C15,MOSFET!$A$2:$Q$11,7,FALSE),"") -> 3100 | N15: =IFERROR(VLOOKUP($B15,MOSFET!$A$2:$Q$11,8,FALSE),"") -> 800 | O15: =IFERROR(VLOOKUP($C15,MOSFET!$A$2:$Q$11,8,FALSE),"") -> 610 | P15: =IFERROR(VLOOKUP($B15,MOSFET!$A$2:$Q$11,9,FALSE),"") -> 190 | Q15: =IFERROR(VLOOKUP($C15,MOSFET!$A$2:$Q$11,9,FALSE),"") -> 100 | R15: =IFERROR(VLOOKUP($B15,MOSFET!$A$2:$Q$11,10,FALSE),"") -> 44 | S15: =IFERROR(VLOOKUP($C15,MOSFET!$A$2:$Q$11,10,FALSE),"") -> 19 | T15: =IFERROR(VLOOKUP($B15,MOSFET!$A$2:$Q$11,11,FALSE),"") -> 37 | U15: =IFERROR(VLOOKUP($C15,MOSFET!$A$2:$Q$11,11,FALSE),"") -> 18 | V15: =IFERROR(VLOOKUP($B15,MOSFET!$A$2:$Q$11,12,FALSE),0) -> 0 | W15: =IFERROR(VLOOKUP($C15,MOSFET!$A$2:$Q$11,12,FALSE),0) -> 0 | X15: =IFERROR(VLOOKUP($B15,MOSFET!$A$2:$Q$11,13,FALSE),"") -> 107 | Y15: =IFERROR(VLOOKUP($C15,MOSFET!$A$2:$Q$11,13,FALSE),"") -> 55 | Z15: =IFERROR(VLOOKUP($B15,MOSFET!$A$2:$Q$11,16,FALSE),"") -> 4.6 | AA15: =IFERROR(VLOOKUP($C15,MOSFET!$A$2:$Q$11,16,FALSE),"") -> 4.8 | AB15: =IFERROR(R15*SQRT(Config!$B$13/T15),"") -> 12.78724 | AC15: =IFERROR(S15*SQRT(Config!$B$13/U15),"") -> 7.9166667 | AD15: =IFERROR((1/(2*PI()))*SQRT((1+AB15*Config!$B$12)/(Config!$B$14*0.000000001*L15*0.000000000001))/1000000,"") -> 162.57297 | AE15: =IFERROR((1/(2*PI()))*SQRT((1+AC15*Config!$B$12)/(Config!$B$14*0.000000001*M15*0.000000000001))/1000000,"") -> 132.37217 | AF15: =IFERROR((AB15*N15*Config!$B$12^2/L15)/(1+(2*PI()*AD15*1000000*N15*0.000000000001*Config!$B$12)^2),"") -> 4.5359873 | AG15: =IFERROR((AC15*O15*Config!$B$12^2/M15)/(1+(2*PI()*AE15*1000000*O15*0.000000000001*Config!$B$12)^2),"") -> 5.7056364 | AH15: =IF(AF15="","",MAX(0,Config!$B$16*AF15-V15-Config!$B$15)) -> 6.3503822 | AI15: =IF(AG15="","",MAX(0,Config!$B$16*AG15-W15-Config!$B$15)) -> 7.987891 | AJ15: =IF(AH15="","",IF(AH15<=10,10,IF(AH15>=10000,10000,IF(VLOOKUP(AH15,Notes!$F$2:$G$74,1,TRUE)=AH15,AH15,VLOOKUP(AH15,Notes!$F$2:$G$74,2,TRUE))))) -> 10 | AK15: =IF(AI15="","",IF(AI15<=10,10,IF(AI15>=10000,10000,IF(VLOOKUP(AI15,Notes!$F$2:$G$74,1,TRUE)=AI15,AI15,VLOOKUP(AI15,Notes!$F$2:$G$74,2,TRUE))))) -> 10 | AL15: =IFERROR(1/(2*PI()*AJ15*L15*0.000000000001)/1000000,"") -> 4.8228771 | AM15: =IFERROR(1/(2*PI()*AK15*M15*0.000000000001)/1000000,"") -> 5.1340304 | AN15: =IF(OR(AL15="",AM15=""),"",MIN(AL15,AM15)) -> 4.8228771 | AO15: =IFERROR(1/(2*PI()*AN15*1000000*L15*0.000000000001),"") -> 10 | AP15: =IFERROR(1/(2*PI()*AN15*1000000*M15*0.000000000001),"") -> 10.645161 | AQ15: =IF(AO15="","",IF(MAX(AH15,AO15)<=10,10,IF(MAX(AH15,AO15)>=10000,10000,IF(VLOOKUP(MAX(AH15,AO15),Notes!$F$2:$G$74,1,TRUE)=MAX(AH15,AO15),MAX(AH15,AO15),VLOOKUP(MAX(AH15,AO15),Notes!$F$2:$G$74,2,TRUE))))) -> 10 | AR15: =IF(AP15="","",IF(MAX(AI15,AP15)<=10,10,IF(MAX(AI15,AP15)>=10000,10000,IF(VLOOKUP(MAX(AI15,AP15),Notes!$F$2:$G$74,1,TRUE)=MAX(AI15,AP15),MAX(AI15,AP15),VLOOKUP(MAX(AI15,AP15),Notes!$F$2:$G$74,2,TRUE))))) -> 11 | AS15: =IFERROR(P15+(L15-P15)/(1+AB15*Config!$B$12),"") -> 220.10709 | AT15: =IFERROR(Q15+(M15-Q15)/(1+AC15*Config!$B$12),"") -> 146.63212 | AU15: =IFERROR(MAX(0,MIN(TAN(RADIANS(Config!$B$21))/(2*PI()*Config!$B$20*1000*AS15*0.000000000001)-V15-Config!$B$15,SQRT(10^(Config!$B$22/10)-1)/(2*PI()*Config!$B$20*1000*AS15*0.000000000001)-V15-Config!$B$15)),"") -> 632.61266 | AV15: =IFERROR(MAX(0,MIN(TAN(RADIANS(Config!$B$21))/(2*PI()*Config!$B$20*1000*AT15*0.000000000001)-W15-Config!$B$15,SQRT(10^(Config!$B$22/10)-1)/(2*PI()*Config!$B$20*1000*AT15*0.000000000001)-W15-Config!$B$15)),"") -> 949.60455 | AW15: =IF(AU15="","",IF(AU15<10,"<10",IF(AU15>=10000,10000,VLOOKUP(AU15,Notes!$F$2:$G$74,1,TRUE)))) -> 620 | AX15: =IF(AV15="","",IF(AV15<10,"<10",IF(AV15>=10000,10000,VLOOKUP(AV15,Notes!$F$2:$G$74,1,TRUE)))) -> 910 | AY15: =IFERROR(IF((IF(Config!$B$8="R14",Config!$B$9,Config!$B$9*CC15/CB15))<=10,10,IF((IF(Config!$B$8="R14",Config!$B$9,Config!$B$9*CC15/CB15))>=10000,10000,IF(ABS((IF(Config!$B$8="R14",Config!$B$9,Config!$B$9*CC15/CB15))-VLOOKUP((IF(Config!$B$8="R14",Config!$B$9,Config!$B$9*CC15/CB15)),Notes!$F$2:$G$74,1,TRUE))<=ABS(VLOOKUP((IF(Config!$B$8="R14",Config!$B$9,Config!$B$9*CC15/CB15)),Notes!$F$2:$G$74,2,TRUE)-(IF(Config!$B$8="R14",Config!$B$9,Config!$B$9*CC15/CB15))),VLOOKUP((IF(Config!$B$8="R14",Config!$B$9,Config!$B$9*CC15/CB15)),Notes!$F$2:$G$74,1,TRUE),VLOOKUP((IF(Config!$B$8="R14",Config!$B$9,Config!$B$9*CC15/CB15)),Notes!$F$2:$G$74,2,TRUE)))),"") -> 100 | AZ15: =IFERROR(IF((IF(Config!$B$8="R15",Config!$B$9,Config!$B$9*CB15/CC15))<=10,10,IF((IF(Config!$B$8="R15",Config!$B$9,Config!$B$9*CB15/CC15))>=10000,10000,IF(ABS((IF(Config!$B$8="R15",Config!$B$9,Config!$B$9*CB15/CC15))-VLOOKUP((IF(Config!$B$8="R15",Config!$B$9,Config!$B$9*CB15/CC15)),Notes!$F$2:$G$74,1,TRUE))<=ABS(VLOOKUP((IF(Config!$B$8="R15",Config!$B$9,Config!$B$9*CB15/CC15)),Notes!$F$2:$G$74,2,TRUE)-(IF(Config!$B$8="R15",Config!$B$9,Config!$B$9*CB15/CC15))),VLOOKUP((IF(Config!$B$8="R15",Config!$B$9,Config!$B$9*CB15/CC15)),Notes!$F$2:$G$74,1,TRUE),VLOOKUP((IF(Config!$B$8="R15",Config!$B$9,Config!$B$9*CB15/CC15)),Notes!$F$2:$G$74,2,TRUE)))),"") -> 110 | BA15: =IF(OR(AW15="<10",AX15="<10"),"NO",IF(AND(AY15>=AJ15,AY15<=AW15,AZ15>=AK15,AZ15<=AX15,ABS(1/(AY15*L15)-1/(AZ15*M15))/MIN(1/(AY15*L15),1/(AZ15*M15))<=Config!$B$19),"YES","NO")) -> YES | BB15: =IF(AND(D15="VALIDÉ / VALIDATED",E15>0,F15>0),E15,IF(BA15="YES",AY15,AQ15)) -> 100 | BC15: =IF(AND(D15="VALIDÉ / VALIDATED",E15>0,F15>0),F15,IF(BA15="YES",AZ15,AR15)) -> 110 | BD15: =IF(AND(D15="VALIDÉ / VALIDATED",E15>0,F15>0),_xlfn.CONCAT("TEST Q",17),IF(BA15="YES","CIBLE INITIALE","CALCUL THÉORIQUE INITIAL")) -> CIBLE INITIALE | BE15: =IFERROR(ABS(BB15*CB15-BC15*CC15)/MIN(BB15*CB15,BC15*CC15),"") -> 0.0085959885 | BF15: =IF(B15="","",IF(VLOOKUP(B15,MOSFET!$A$2:$Q$11,2,FALSE)<>"N","NON – canal",IF(H15<2*Config!$B$11*Config!$B$17,"NON – Vdss",IF(J15<Config!$B$13*Config!$B$18,"NON – Id",IF(L15>Config!$B$23,"NON – Ciss",IF(OR(L15="",P15="",X15="",BQ15="",R15="",T15="",Z15=""),"DONNÉES À COMPLÉTER","OK")))))) -> OK | BG15: =IF(C15="","",IF(VLOOKUP(C15,MOSFET!$A$2:$Q$11,2,FALSE)<>"P","NON – canal",IF(I15<2*Config!$B$11*Config!$B$17,"NON – Vdss",IF(K15<Config!$B$13*Config!$B$18,"NON – Id",IF(M15>Config!$B$23,"NON – Ciss",IF(OR(M15="",Q15="",Y15="",BR15="",S15="",U15="",AA15=""),"DONNÉES À COMPLÉTER","OK")))))) -> OK | BH15: =IF(OR(BF15<>"OK",BG15<>"OK"),"NON – aptitude MOSFET",IF(AND(D15="VALIDÉ / VALIDATED",E15>0,F15>0),_xlfn.CONCAT("OUI – Q",17," confirmé"),IF(BO15>=0.82,"OUI – paire prioritaire / test scope requis",IF(BO15>=0.74,"OUI – paire acceptable / test scope requis","À ÉVALUER – compatibilité faible")))) -> À ÉVALUER – compatibilité faible | BI15: =IFERROR((Config!$B$34*BY15+Config!$B$35*BZ15+Config!$B$36*CA15)/Config!$B$37,"") -> 0.84520099 | BJ15: =IFERROR(MIN(BQ15,BR15)/MAX(BQ15,BR15),"") -> 0.34615385 | BK15: =IFERROR(MIN(X15,Y15)/MAX(X15,Y15),"") -> 0.51401869 | BL15: =IFERROR(MIN(AB15,AC15)/MAX(AB15,AC15),"") -> 0.61910674 | BM15: =IFERROR(MIN(P15,Q15)/MAX(P15,Q15),"") -> 0.52631579 | BN15: =IFERROR(MIN(Z15,AA15)/MAX(Z15,AA15),"") -> 0.95833333 | BO15: =IFERROR((Config!$B$25*BI15+Config!$B$26*BJ15+Config!$B$27*BK15+Config!$B$28*BL15+Config!$B$29*BM15+Config!$B$30*BN15)/Config!$B$31,"") -> 0.64122479 | BP15: =IF(OR(BF15<>"OK",BG15<>"OK"),1,IF(BO15>=0.9,5,IF(BO15>=0.82,4,IF(BO15>=0.74,3,IF(BO15>=0.66,2,1))))) -> 1 | BQ15: =IFERROR(VLOOKUP($B15,MOSFET!$A$2:$Q$11,14,FALSE),"") -> 52 | BR15: =IFERROR(VLOOKUP($C15,MOSFET!$A$2:$Q$11,14,FALSE),"") -> 18 | BS15: =IFERROR(P15+(L15-P15)*(1-0),"") -> 3300 | BT15: =IFERROR(Q15+(M15-Q15)*(1-0),"") -> 3100 | BU15: =IFERROR(P15+(L15-P15)*(1-0.5),"") -> 1745 | BV15: =IFERROR(Q15+(M15-Q15)*(1-0.5),"") -> 1600 | BW15: =IFERROR(P15+(L15-P15)*(1-0.95),"") -> 345.5 | BX15: =IFERROR(Q15+(M15-Q15)*(1-0.95),"") -> 250 | BY15: =IFERROR(MIN(BS15,BT15)/MAX(BS15,BT15),"") -> 0.93939394 | BZ15: =IFERROR(MIN(BU15,BV15)/MAX(BU15,BV15),"") -> 0.91690544 | CA15: =IFERROR(MIN(BW15,BX15)/MAX(BW15,BX15),"") -> 0.723589 | CB15: =IFERROR(P15+(L15-P15)*(1-Config!$B$39),"") -> 1745 | CC15: =IFERROR(Q15+(M15-Q15)*(1-Config!$B$39),"") -> 1600 | CD15: =IF(OR(BF15<>"OK",BG15<>"OK"),"X – INADAPTÉ",IF(AND(BI15>=Config!$B$42,CE15>=Config!$B$43,CF15=0),"A – TRÈS BON CANDIDAT",IF(AND(BI15>=Config!$B$44,CE15>=Config!$B$45,CF15=0),"B – BON CANDIDAT","C – À ÉTUDIER"))) -> C – À ÉTUDIER | CE15: =IFERROR(MIN(AY15,AZ15)/MAX(AY15,AZ15),"") -> 0.90909091 | CF15: =--(BJ15<Config!$B$46)+--(BK15<Config!$B$47)+--(BL15<Config!$B$47)+--(BM15<Config!$B$47)+--(BN15<Config!$B$48) -> 1 | CG15: =IF(CF15=0,"Aucune",IF(BJ15<Config!$B$46,"Qgd; ","")&IF(BK15<Config!$B$47,"Qg; ","")&IF(BL15<Config!$B$47,"gm; ","")&IF(BM15<Config!$B$47,"Crss; ","")&IF(BN15<Config!$B$48,"VGS; ","")) -> Qgd; | CH15: =IF(D15="VALIDÉ / VALIDATED",IF(AND(E15>0,F15>0),"VALIDÉ R14/R15","VALIDATION INCOMPLÈTE"),IF(D15="TESTÉ – À ÉVALUER / TESTED – TO REVIEW","TESTÉ – À ÉVALUER",IF(D15="REJETÉ / REJECTED","REJETÉ","NON TESTÉ"))) -> NON TESTÉ
A16: C19 | B16: IXTQ74N20P | C16: IXTQ26P20P | D16: =IFERROR(VLOOKUP(A16,Selection!$A$17:$I$28,4,FALSE),"NON TESTÉ / NOT TESTED") -> REJETÉ / REJECTED | E16: =IFERROR(VLOOKUP(A16,Selection!$A$17:$I$28,5,FALSE),"") -> 0 | F16: =IFERROR(VLOOKUP(A16,Selection!$A$17:$I$28,6,FALSE),"") -> 0 | G16: =IF(Config!$B$3="FR",IFERROR(T(VLOOKUP(A16,Selection!$A$17:$I$28,7,FALSE)),""),IF(IFERROR(T(VLOOKUP(A16,Selection!$A$17:$I$28,8,FALSE)),"")<>"",IFERROR(T(VLOOKUP(A16,Selection!$A$17:$I$28,8,FALSE)),""),IFERROR(T(VLOOKUP(A16,Selection!$A$17:$I$28,7,FALSE)),""))) -> Combination to validate on Q17. | H16: =IFERROR(VLOOKUP($B16,MOSFET!$A$2:$Q$11,5,FALSE),"") -> 200 | I16: =IFERROR(VLOOKUP($C16,MOSFET!$A$2:$Q$11,5,FALSE),"") -> 200 | J16: =IFERROR(VLOOKUP($B16,MOSFET!$A$2:$Q$11,6,FALSE),"") -> 74 | K16: =IFERROR(VLOOKUP($C16,MOSFET!$A$2:$Q$11,6,FALSE),"") -> 26 | L16: =IFERROR(VLOOKUP($B16,MOSFET!$A$2:$Q$11,7,FALSE),"") -> 3300 | M16: =IFERROR(VLOOKUP($C16,MOSFET!$A$2:$Q$11,7,FALSE),"") -> 2740 | N16: =IFERROR(VLOOKUP($B16,MOSFET!$A$2:$Q$11,8,FALSE),"") -> 800 | O16: =IFERROR(VLOOKUP($C16,MOSFET!$A$2:$Q$11,8,FALSE),"") -> 540 | P16: =IFERROR(VLOOKUP($B16,MOSFET!$A$2:$Q$11,9,FALSE),"") -> 190 | Q16: =IFERROR(VLOOKUP($C16,MOSFET!$A$2:$Q$11,9,FALSE),"") -> 100 | R16: =IFERROR(VLOOKUP($B16,MOSFET!$A$2:$Q$11,10,FALSE),"") -> 44 | S16: =IFERROR(VLOOKUP($C16,MOSFET!$A$2:$Q$11,10,FALSE),"") -> 17 | T16: =IFERROR(VLOOKUP($B16,MOSFET!$A$2:$Q$11,11,FALSE),"") -> 37 | U16: =IFERROR(VLOOKUP($C16,MOSFET!$A$2:$Q$11,11,FALSE),"") -> 13 | V16: =IFERROR(VLOOKUP($B16,MOSFET!$A$2:$Q$11,12,FALSE),0) -> 0 | W16: =IFERROR(VLOOKUP($C16,MOSFET!$A$2:$Q$11,12,FALSE),0) -> 0 | X16: =IFERROR(VLOOKUP($B16,MOSFET!$A$2:$Q$11,13,FALSE),"") -> 107 | Y16: =IFERROR(VLOOKUP($C16,MOSFET!$A$2:$Q$11,13,FALSE),"") -> 56 | Z16: =IFERROR(VLOOKUP($B16,MOSFET!$A$2:$Q$11,16,FALSE),"") -> 4.6 | AA16: =IFERROR(VLOOKUP($C16,MOSFET!$A$2:$Q$11,16,FALSE),"") -> 4.4 | AB16: =IFERROR(R16*SQRT(Config!$B$13/T16),"") -> 12.78724 | AC16: =IFERROR(S16*SQRT(Config!$B$13/U16),"") -> 8.3349357 | AD16: =IFERROR((1/(2*PI()))*SQRT((1+AB16*Config!$B$12)/(Config!$B$14*0.000000001*L16*0.000000000001))/1000000,"") -> 162.57297 | AE16: =IFERROR((1/(2*PI()))*SQRT((1+AC16*Config!$B$12)/(Config!$B$14*0.000000001*M16*0.000000000001))/1000000,"") -> 144.41515 | AF16: =IFERROR((AB16*N16*Config!$B$12^2/L16)/(1+(2*PI()*AD16*1000000*N16*0.000000000001*Config!$B$12)^2),"") -> 4.5359873 | AG16: =IFERROR((AC16*O16*Config!$B$12^2/M16)/(1+(2*PI()*AE16*1000000*O16*0.000000000001*Config!$B$12)^2),"") -> 6.4237775 | AH16: =IF(AF16="","",MAX(0,Config!$B$16*AF16-V16-Config!$B$15)) -> 6.3503822 | AI16: =IF(AG16="","",MAX(0,Config!$B$16*AG16-W16-Config!$B$15)) -> 8.9932884 | AJ16: =IF(AH16="","",IF(AH16<=10,10,IF(AH16>=10000,10000,IF(VLOOKUP(AH16,Notes!$F$2:$G$74,1,TRUE)=AH16,AH16,VLOOKUP(AH16,Notes!$F$2:$G$74,2,TRUE))))) -> 10 | AK16: =IF(AI16="","",IF(AI16<=10,10,IF(AI16>=10000,10000,IF(VLOOKUP(AI16,Notes!$F$2:$G$74,1,TRUE)=AI16,AI16,VLOOKUP(AI16,Notes!$F$2:$G$74,2,TRUE))))) -> 10 | AL16: =IFERROR(1/(2*PI()*AJ16*L16*0.000000000001)/1000000,"") -> 4.8228771 | AM16: =IFERROR(1/(2*PI()*AK16*M16*0.000000000001)/1000000,"") -> 5.8085746 | AN16: =IF(OR(AL16="",AM16=""),"",MIN(AL16,AM16)) -> 4.8228771 | AO16: =IFERROR(1/(2*PI()*AN16*1000000*L16*0.000000000001),"") -> 10 | AP16: =IFERROR(1/(2*PI()*AN16*1000000*M16*0.000000000001),"") -> 12.043796 | AQ16: =IF(AO16="","",IF(MAX(AH16,AO16)<=10,10,IF(MAX(AH16,AO16)>=10000,10000,IF(VLOOKUP(MAX(AH16,AO16),Notes!$F$2:$G$74,1,TRUE)=MAX(AH16,AO16),MAX(AH16,AO16),VLOOKUP(MAX(AH16,AO16),Notes!$F$2:$G$74,2,TRUE))))) -> 10 | AR16: =IF(AP16="","",IF(MAX(AI16,AP16)<=10,10,IF(MAX(AI16,AP16)>=10000,10000,IF(VLOOKUP(MAX(AI16,AP16),Notes!$F$2:$G$74,1,TRUE)=MAX(AI16,AP16),MAX(AI16,AP16),VLOOKUP(MAX(AI16,AP16),Notes!$F$2:$G$74,2,TRUE))))) -> 13 | AS16: =IFERROR(P16+(L16-P16)/(1+AB16*Config!$B$12),"") -> 220.10709 | AT16: =IFERROR(Q16+(M16-Q16)/(1+AC16*Config!$B$12),"") -> 139.00739 | AU16: =IFERROR(MAX(0,MIN(TAN(RADIANS(Config!$B$21))/(2*PI()*Config!$B$20*1000*AS16*0.000000000001)-V16-Config!$B$15,SQRT(10^(Config!$B$22/10)-1)/(2*PI()*Config!$B$20*1000*AS16*0.000000000001)-V16-Config!$B$15)),"") -> 632.61266 | AV16: =IFERROR(MAX(0,MIN(TAN(RADIANS(Config!$B$21))/(2*PI()*Config!$B$20*1000*AT16*0.000000000001)-W16-Config!$B$15,SQRT(10^(Config!$B$22/10)-1)/(2*PI()*Config!$B$20*1000*AT16*0.000000000001)-W16-Config!$B$15)),"") -> 1001.6916 | AW16: =IF(AU16="","",IF(AU16<10,"<10",IF(AU16>=10000,10000,VLOOKUP(AU16,Notes!$F$2:$G$74,1,TRUE)))) -> 620 | AX16: =IF(AV16="","",IF(AV16<10,"<10",IF(AV16>=10000,10000,VLOOKUP(AV16,Notes!$F$2:$G$74,1,TRUE)))) -> 1000 | AY16: =IFERROR(IF((IF(Config!$B$8="R14",Config!$B$9,Config!$B$9*CC16/CB16))<=10,10,IF((IF(Config!$B$8="R14",Config!$B$9,Config!$B$9*CC16/CB16))>=10000,10000,IF(ABS((IF(Config!$B$8="R14",Config!$B$9,Config!$B$9*CC16/CB16))-VLOOKUP((IF(Config!$B$8="R14",Config!$B$9,Config!$B$9*CC16/CB16)),Notes!$F$2:$G$74,1,TRUE))<=ABS(VLOOKUP((IF(Config!$B$8="R14",Config!$B$9,Config!$B$9*CC16/CB16)),Notes!$F$2:$G$74,2,TRUE)-(IF(Config!$B$8="R14",Config!$B$9,Config!$B$9*CC16/CB16))),VLOOKUP((IF(Config!$B$8="R14",Config!$B$9,Config!$B$9*CC16/CB16)),Notes!$F$2:$G$74,1,TRUE),VLOOKUP((IF(Config!$B$8="R14",Config!$B$9,Config!$B$9*CC16/CB16)),Notes!$F$2:$G$74,2,TRUE)))),"") -> 100 | AZ16: =IFERROR(IF((IF(Config!$B$8="R15",Config!$B$9,Config!$B$9*CB16/CC16))<=10,10,IF((IF(Config!$B$8="R15",Config!$B$9,Config!$B$9*CB16/CC16))>=10000,10000,IF(ABS((IF(Config!$B$8="R15",Config!$B$9,Config!$B$9*CB16/CC16))-VLOOKUP((IF(Config!$B$8="R15",Config!$B$9,Config!$B$9*CB16/CC16)),Notes!$F$2:$G$74,1,TRUE))<=ABS(VLOOKUP((IF(Config!$B$8="R15",Config!$B$9,Config!$B$9*CB16/CC16)),Notes!$F$2:$G$74,2,TRUE)-(IF(Config!$B$8="R15",Config!$B$9,Config!$B$9*CB16/CC16))),VLOOKUP((IF(Config!$B$8="R15",Config!$B$9,Config!$B$9*CB16/CC16)),Notes!$F$2:$G$74,1,TRUE),VLOOKUP((IF(Config!$B$8="R15",Config!$B$9,Config!$B$9*CB16/CC16)),Notes!$F$2:$G$74,2,TRUE)))),"") -> 120 | BA16: =IF(OR(AW16="<10",AX16="<10"),"NO",IF(AND(AY16>=AJ16,AY16<=AW16,AZ16>=AK16,AZ16<=AX16,ABS(1/(AY16*L16)-1/(AZ16*M16))/MIN(1/(AY16*L16),1/(AZ16*M16))<=Config!$B$19),"YES","NO")) -> YES | BB16: =IF(AND(D16="VALIDÉ / VALIDATED",E16>0,F16>0),E16,IF(BA16="YES",AY16,AQ16)) -> 100 | BC16: =IF(AND(D16="VALIDÉ / VALIDATED",E16>0,F16>0),F16,IF(BA16="YES",AZ16,AR16)) -> 120 | BD16: =IF(AND(D16="VALIDÉ / VALIDATED",E16>0,F16>0),_xlfn.CONCAT("TEST Q",17),IF(BA16="YES","CIBLE INITIALE","CALCUL THÉORIQUE INITIAL")) -> CIBLE INITIALE | BE16: =IFERROR(ABS(BB16*CB16-BC16*CC16)/MIN(BB16*CB16,BC16*CC16),"") -> 0.024061033 | BF16: =IF(B16="","",IF(VLOOKUP(B16,MOSFET!$A$2:$Q$11,2,FALSE)<>"N","NON – canal",IF(H16<2*Config!$B$11*Config!$B$17,"NON – Vdss",IF(J16<Config!$B$13*Config!$B$18,"NON – Id",IF(L16>Config!$B$23,"NON – Ciss",IF(OR(L16="",P16="",X16="",BQ16="",R16="",T16="",Z16=""),"DONNÉES À COMPLÉTER","OK")))))) -> OK | BG16: =IF(C16="","",IF(VLOOKUP(C16,MOSFET!$A$2:$Q$11,2,FALSE)<>"P","NON – canal",IF(I16<2*Config!$B$11*Config!$B$17,"NON – Vdss",IF(K16<Config!$B$13*Config!$B$18,"NON – Id",IF(M16>Config!$B$23,"NON – Ciss",IF(OR(M16="",Q16="",Y16="",BR16="",S16="",U16="",AA16=""),"DONNÉES À COMPLÉTER","OK")))))) -> OK | BH16: =IF(OR(BF16<>"OK",BG16<>"OK"),"NON – aptitude MOSFET",IF(AND(D16="VALIDÉ / VALIDATED",E16>0,F16>0),_xlfn.CONCAT("OUI – Q",17," confirmé"),IF(BO16>=0.82,"OUI – paire prioritaire / test scope requis",IF(BO16>=0.74,"OUI – paire acceptable / test scope requis","À ÉVALUER – compatibilité faible")))) -> À ÉVALUER – compatibilité faible | BI16: =IFERROR((Config!$B$34*BY16+Config!$B$35*BZ16+Config!$B$36*CA16)/Config!$B$37,"") -> 0.76098575 | BJ16: =IFERROR(MIN(BQ16,BR16)/MAX(BQ16,BR16),"") -> 0.38461538 | BK16: =IFERROR(MIN(X16,Y16)/MAX(X16,Y16),"") -> 0.52336449 | BL16: =IFERROR(MIN(AB16,AC16)/MAX(AB16,AC16),"") -> 0.65181662 | BM16: =IFERROR(MIN(P16,Q16)/MAX(P16,Q16),"") -> 0.52631579 | BN16: =IFERROR(MIN(Z16,AA16)/MAX(Z16,AA16),"") -> 0.95652174 | BO16: =IFERROR((Config!$B$25*BI16+Config!$B$26*BJ16+Config!$B$27*BK16+Config!$B$28*BL16+Config!$B$29*BM16+Config!$B$30*BN16)/Config!$B$31,"") -> 0.62977972 | BP16: =IF(OR(BF16<>"OK",BG16<>"OK"),1,IF(BO16>=0.9,5,IF(BO16>=0.82,4,IF(BO16>=0.74,3,IF(BO16>=0.66,2,1))))) -> 1 | BQ16: =IFERROR(VLOOKUP($B16,MOSFET!$A$2:$Q$11,14,FALSE),"") -> 52 | BR16: =IFERROR(VLOOKUP($C16,MOSFET!$A$2:$Q$11,14,FALSE),"") -> 20 | BS16: =IFERROR(P16+(L16-P16)*(1-0),"") -> 3300 | BT16: =IFERROR(Q16+(M16-Q16)*(1-0),"") -> 2740 | BU16: =IFERROR(P16+(L16-P16)*(1-0.5),"") -> 1745 | BV16: =IFERROR(Q16+(M16-Q16)*(1-0.5),"") -> 1420 | BW16: =IFERROR(P16+(L16-P16)*(1-0.95),"") -> 345.5 | BX16: =IFERROR(Q16+(M16-Q16)*(1-0.95),"") -> 232 | BY16: =IFERROR(MIN(BS16,BT16)/MAX(BS16,BT16),"") -> 0.83030303 | BZ16: =IFERROR(MIN(BU16,BV16)/MAX(BU16,BV16),"") -> 0.81375358 | CA16: =IFERROR(MIN(BW16,BX16)/MAX(BW16,BX16),"") -> 0.67149059 | CB16: =IFERROR(P16+(L16-P16)*(1-Config!$B$39),"") -> 1745 | CC16: =IFERROR(Q16+(M16-Q16)*(1-Config!$B$39),"") -> 1420 | CD16: =IF(OR(BF16<>"OK",BG16<>"OK"),"X – INADAPTÉ",IF(AND(BI16>=Config!$B$42,CE16>=Config!$B$43,CF16=0),"A – TRÈS BON CANDIDAT",IF(AND(BI16>=Config!$B$44,CE16>=Config!$B$45,CF16=0),"B – BON CANDIDAT","C – À ÉTUDIER"))) -> C – À ÉTUDIER | CE16: =IFERROR(MIN(AY16,AZ16)/MAX(AY16,AZ16),"") -> 0.83333333 | CF16: =--(BJ16<Config!$B$46)+--(BK16<Config!$B$47)+--(BL16<Config!$B$47)+--(BM16<Config!$B$47)+--(BN16<Config!$B$48) -> 1 | CG16: =IF(CF16=0,"Aucune",IF(BJ16<Config!$B$46,"Qgd; ","")&IF(BK16<Config!$B$47,"Qg; ","")&IF(BL16<Config!$B$47,"gm; ","")&IF(BM16<Config!$B$47,"Crss; ","")&IF(BN16<Config!$B$48,"VGS; ","")) -> Qgd; | CH16: =IF(D16="VALIDÉ / VALIDATED",IF(AND(E16>0,F16>0),"VALIDÉ R14/R15","VALIDATION INCOMPLÈTE"),IF(D16="TESTÉ – À ÉVALUER / TESTED – TO REVIEW","TESTÉ – À ÉVALUER",IF(D16="REJETÉ / REJECTED","REJETÉ","NON TESTÉ"))) -> REJETÉ
A17: C20 | B17: FDA38N30 | C17: FQA36P15 | D17: =IFERROR(VLOOKUP(A17,Selection!$A$17:$I$34,4,FALSE),"NON TESTÉ / NOT TESTED") -> NON TESTÉ / NOT TESTED | E17: =IFERROR(VLOOKUP(A17,Selection!$A$17:$I$34,5,FALSE),"") -> 0 | F17: =IFERROR(VLOOKUP(A17,Selection!$A$17:$I$34,6,FALSE),"") -> 0 | G17: =IF(Config!$B$3="FR",IFERROR(T(VLOOKUP(A17,Selection!$A$17:$I$34,7,FALSE)),""),IF(IFERROR(T(VLOOKUP(A17,Selection!$A$17:$I$34,8,FALSE)),"")<>"",IFERROR(T(VLOOKUP(A17,Selection!$A$17:$I$34,8,FALSE)),""),IFERROR(T(VLOOKUP(A17,Selection!$A$17:$I$34,7,FALSE)),""))) -> Combination to validate on Q17. | H17: =IFERROR(VLOOKUP($B17,MOSFET!$A$2:$Q$13,5,FALSE),"") -> 300 | I17: =IFERROR(VLOOKUP($C17,MOSFET!$A$2:$Q$13,5,FALSE),"") -> 150 | J17: =IFERROR(VLOOKUP($B17,MOSFET!$A$2:$Q$13,6,FALSE),"") -> 38 | K17: =IFERROR(VLOOKUP($C17,MOSFET!$A$2:$Q$13,6,FALSE),"") -> 36 | L17: =IFERROR(VLOOKUP($B17,MOSFET!$A$2:$Q$13,7,FALSE),"") -> 2600 | M17: =IFERROR(VLOOKUP($C17,MOSFET!$A$2:$Q$13,7,FALSE),"") -> 2550 | N17: =IFERROR(VLOOKUP($B17,MOSFET!$A$2:$Q$13,8,FALSE),"") -> 500 | O17: =IFERROR(VLOOKUP($C17,MOSFET!$A$2:$Q$13,8,FALSE),"") -> 710 | P17: =IFERROR(VLOOKUP($B17,MOSFET!$A$2:$Q$13,9,FALSE),"") -> 60 | Q17: =IFERROR(VLOOKUP($C17,MOSFET!$A$2:$Q$13,9,FALSE),"") -> 110 | R17: =IFERROR(VLOOKUP($B17,MOSFET!$A$2:$Q$13,10,FALSE),"") -> 34 | S17: =IFERROR(VLOOKUP($C17,MOSFET!$A$2:$Q$13,10,FALSE),"") -> 19.5 | T17: =IFERROR(VLOOKUP($B17,MOSFET!$A$2:$Q$13,11,FALSE),"") -> 19 | U17: =IFERROR(VLOOKUP($C17,MOSFET!$A$2:$Q$13,11,FALSE),"") -> 18 | V17: =IFERROR(VLOOKUP($B17,MOSFET!$A$2:$Q$13,12,FALSE),0) -> 0 | W17: =IFERROR(VLOOKUP($C17,MOSFET!$A$2:$Q$13,12,FALSE),0) -> 0 | X17: =IFERROR(VLOOKUP($B17,MOSFET!$A$2:$Q$13,13,FALSE),"") -> 60 | Y17: =IFERROR(VLOOKUP($C17,MOSFET!$A$2:$Q$13,13,FALSE),"") -> 81 | Z17: =IFERROR(VLOOKUP($B17,MOSFET!$A$2:$Q$13,16,FALSE),"") -> 5.5 | AA17: =IFERROR(VLOOKUP($C17,MOSFET!$A$2:$Q$13,16,FALSE),"") -> 4.3 | AB17: =IFERROR(R17*SQRT(Config!$B$13/T17),"") -> 13.788821 | AC17: =IFERROR(S17*SQRT(Config!$B$13/U17),"") -> 8.125 | AD17: =IFERROR((1/(2*PI()))*SQRT((1+AB17*Config!$B$12)/(Config!$B$14*0.000000001*L17*0.000000000001))/1000000,"") -> 190.12579 | AE17: =IFERROR((1/(2*PI()))*SQRT((1+AC17*Config!$B$12)/(Config!$B$14*0.000000001*M17*0.000000000001))/1000000,"") -> 147.82959 | AF17: =IFERROR((AB17*N17*Config!$B$12^2/L17)/(1+(2*PI()*AD17*1000000*N17*0.000000000001*Config!$B$12)^2),"") -> 7.1207575 | AG17: =IFERROR((AC17*O17*Config!$B$12^2/M17)/(1+(2*PI()*AE17*1000000*O17*0.000000000001*Config!$B$12)^2),"") -> 5.0212656 | AH17: =IF(AF17="","",MAX(0,Config!$B$16*AF17-V17-Config!$B$15)) -> 9.9690606 | AI17: =IF(AG17="","",MAX(0,Config!$B$16*AG17-W17-Config!$B$15)) -> 7.0297718 | AJ17: =IF(AH17="","",IF(AH17<=10,10,IF(AH17>=10000,10000,IF(VLOOKUP(AH17,Notes!$F$2:$G$74,1,TRUE)=AH17,AH17,VLOOKUP(AH17,Notes!$F$2:$G$74,2,TRUE))))) -> 10 | AK17: =IF(AI17="","",IF(AI17<=10,10,IF(AI17>=10000,10000,IF(VLOOKUP(AI17,Notes!$F$2:$G$74,1,TRUE)=AI17,AI17,VLOOKUP(AI17,Notes!$F$2:$G$74,2,TRUE))))) -> 10 | AL17: =IFERROR(1/(2*PI()*AJ17*L17*0.000000000001)/1000000,"") -> 6.121344 | AM17: =IFERROR(1/(2*PI()*AK17*M17*0.000000000001)/1000000,"") -> 6.2413703 | AN17: =IF(OR(AL17="",AM17=""),"",MIN(AL17,AM17)) -> 6.121344 | AO17: =IFERROR(1/(2*PI()*AN17*1000000*L17*0.000000000001),"") -> 10 | AP17: =IFERROR(1/(2*PI()*AN17*1000000*M17*0.000000000001),"") -> 10.196078 | AQ17: =IF(AO17="","",IF(MAX(AH17,AO17)<=10,10,IF(MAX(AH17,AO17)>=10000,10000,IF(VLOOKUP(MAX(AH17,AO17),Notes!$F$2:$G$74,1,TRUE)=MAX(AH17,AO17),MAX(AH17,AO17),VLOOKUP(MAX(AH17,AO17),Notes!$F$2:$G$74,2,TRUE))))) -> 10 | AR17: =IF(AP17="","",IF(MAX(AI17,AP17)<=10,10,IF(MAX(AI17,AP17)>=10000,10000,IF(VLOOKUP(MAX(AI17,AP17),Notes!$F$2:$G$74,1,TRUE)=MAX(AI17,AP17),MAX(AI17,AP17),VLOOKUP(MAX(AI17,AP17),Notes!$F$2:$G$74,2,TRUE))))) -> 11 | AS17: =IFERROR(P17+(L17-P17)/(1+AB17*Config!$B$12),"") -> 82.819038 | AT17: =IFERROR(Q17+(M17-Q17)/(1+AC17*Config!$B$12),"") -> 146.9697 | AU17: =IFERROR(MAX(0,MIN(TAN(RADIANS(Config!$B$21))/(2*PI()*Config!$B$20*1000*AS17*0.000000000001)-V17-Config!$B$15,SQRT(10^(Config!$B$22/10)-1)/(2*PI()*Config!$B$20*1000*AS17*0.000000000001)-V17-Config!$B$15)),"") -> 1681.2865 | AV17: =IFERROR(MAX(0,MIN(TAN(RADIANS(Config!$B$21))/(2*PI()*Config!$B$20*1000*AT17*0.000000000001)-W17-Config!$B$15,SQRT(10^(Config!$B$22/10)-1)/(2*PI()*Config!$B$20*1000*AT17*0.000000000001)-W17-Config!$B$15)),"") -> 947.42342 | AW17: =IF(AU17="","",IF(AU17<10,"<10",IF(AU17>=10000,10000,VLOOKUP(AU17,Notes!$F$2:$G$74,1,TRUE)))) -> 1600 | AX17: =IF(AV17="","",IF(AV17<10,"<10",IF(AV17>=10000,10000,VLOOKUP(AV17,Notes!$F$2:$G$74,1,TRUE)))) -> 910 | AY17: =IFERROR(IF((IF(Config!$B$8="R14",Config!$B$9,Config!$B$9*CC17/CB17))<=10,10,IF((IF(Config!$B$8="R14",Config!$B$9,Config!$B$9*CC17/CB17))>=10000,10000,IF(ABS((IF(Config!$B$8="R14",Config!$B$9,Config!$B$9*CC17/CB17))-VLOOKUP((IF(Config!$B$8="R14",Config!$B$9,Config!$B$9*CC17/CB17)),Notes!$F$2:$G$74,1,TRUE))<=ABS(VLOOKUP((IF(Config!$B$8="R14",Config!$B$9,Config!$B$9*CC17/CB17)),Notes!$F$2:$G$74,2,TRUE)-(IF(Config!$B$8="R14",Config!$B$9,Config!$B$9*CC17/CB17))),VLOOKUP((IF(Config!$B$8="R14",Config!$B$9,Config!$B$9*CC17/CB17)),Notes!$F$2:$G$74,1,TRUE),VLOOKUP((IF(Config!$B$8="R14",Config!$B$9,Config!$B$9*CC17/CB17)),Notes!$F$2:$G$74,2,TRUE)))),"") -> 100 | AZ17: =IFERROR(IF((IF(Config!$B$8="R15",Config!$B$9,Config!$B$9*CB17/CC17))<=10,10,IF((IF(Config!$B$8="R15",Config!$B$9,Config!$B$9*CB17/CC17))>=10000,10000,IF(ABS((IF(Config!$B$8="R15",Config!$B$9,Config!$B$9*CB17/CC17))-VLOOKUP((IF(Config!$B$8="R15",Config!$B$9,Config!$B$9*CB17/CC17)),Notes!$F$2:$G$74,1,TRUE))<=ABS(VLOOKUP((IF(Config!$B$8="R15",Config!$B$9,Config!$B$9*CB17/CC17)),Notes!$F$2:$G$74,2,TRUE)-(IF(Config!$B$8="R15",Config!$B$9,Config!$B$9*CB17/CC17))),VLOOKUP((IF(Config!$B$8="R15",Config!$B$9,Config!$B$9*CB17/CC17)),Notes!$F$2:$G$74,1,TRUE),VLOOKUP((IF(Config!$B$8="R15",Config!$B$9,Config!$B$9*CB17/CC17)),Notes!$F$2:$G$74,2,TRUE)))),"") -> 100 | BA17: =IF(OR(AW17="<10",AX17="<10"),"NO",IF(AND(AY17>=AJ17,AY17<=AW17,AZ17>=AK17,AZ17<=AX17,ABS(1/(AY17*L17)-1/(AZ17*M17))/MIN(1/(AY17*L17),1/(AZ17*M17))<=Config!$B$19),"YES","NO")) -> YES | BB17: =IF(AND(D17="VALIDÉ / VALIDATED",E17>0,F17>0),E17,IF(BA17="YES",AY17,AQ17)) -> 100 | BC17: =IF(AND(D17="VALIDÉ / VALIDATED",E17>0,F17>0),F17,IF(BA17="YES",AZ17,AR17)) -> 100 | BD17: =IF(AND(D17="VALIDÉ / VALIDATED",E17>0,F17>0),_xlfn.CONCAT("TEST Q",17),IF(BA17="YES","CIBLE INITIALE","CALCUL THÉORIQUE INITIAL")) -> CIBLE INITIALE | BE17: =IFERROR(ABS(BB17*CB17-BC17*CC17)/MIN(BB17*CB17,BC17*CC17),"") -> 0 | BF17: =IF(B17="","",IF(VLOOKUP(B17,MOSFET!$A$2:$Q$13,2,FALSE)<>"N","NON – canal",IF(H17<2*Config!$B$11*Config!$B$17,"NON – Vdss",IF(J17<Config!$B$13*Config!$B$18,"NON – Id",IF(L17>Config!$B$23,"NON – Ciss",IF(OR(L17="",P17="",X17="",BQ17="",R17="",T17="",Z17=""),"DONNÉES À COMPLÉTER","OK")))))) -> OK | BG17: =IF(C17="","",IF(VLOOKUP(C17,MOSFET!$A$2:$Q$13,2,FALSE)<>"P","NON – canal",IF(I17<2*Config!$B$11*Config!$B$17,"NON – Vdss",IF(K17<Config!$B$13*Config!$B$18,"NON – Id",IF(M17>Config!$B$23,"NON – Ciss",IF(OR(M17="",Q17="",Y17="",BR17="",S17="",U17="",AA17=""),"DONNÉES À COMPLÉTER","OK")))))) -> OK | BH17: =IF(OR(BF17<>"OK",BG17<>"OK"),"NON – aptitude MOSFET",IF(AND(D17="VALIDÉ / VALIDATED",E17>0,F17>0),_xlfn.CONCAT("OUI – Q",17," confirmé"),IF(BO17>=0.82,"OUI – paire prioritaire / test scope requis",IF(BO17>=0.74,"OUI – paire acceptable / test scope requis","À ÉVALUER – compatibilité faible")))) -> OUI – paire acceptable / test scope requis | BI17: =IFERROR((Config!$B$34*BY17+Config!$B$35*BZ17+Config!$B$36*CA17)/Config!$B$37,"") -> 0.9176061 | BJ17: =IFERROR(MIN(BQ17,BR17)/MAX(BQ17,BR17),"") -> 0.66666667 | BK17: =IFERROR(MIN(X17,Y17)/MAX(X17,Y17),"") -> 0.74074074 | BL17: =IFERROR(MIN(AB17,AC17)/MAX(AB17,AC17),"") -> 0.58924546 | BM17: =IFERROR(MIN(P17,Q17)/MAX(P17,Q17),"") -> 0.54545455 | BN17: =IFERROR(MIN(Z17,AA17)/MAX(Z17,AA17),"") -> 0.78181818 | BO17: =IFERROR((Config!$B$25*BI17+Config!$B$26*BJ17+Config!$B$27*BK17+Config!$B$28*BL17+Config!$B$29*BM17+Config!$B$30*BN17)/Config!$B$31,"") -> 0.74084037 | BP17: =IF(OR(BF17<>"OK",BG17<>"OK"),1,IF(BO17>=0.9,5,IF(BO17>=0.82,4,IF(BO17>=0.74,3,IF(BO17>=0.66,2,1))))) -> 3 | BQ17: =IFERROR(VLOOKUP($B17,MOSFET!$A$2:$Q$13,14,FALSE),"") -> 28 | BR17: =IFERROR(VLOOKUP($C17,MOSFET!$A$2:$Q$13,14,FALSE),"") -> 42 | BS17: =IFERROR(P17+(L17-P17)*(1-0),"") -> 2600 | BT17: =IFERROR(Q17+(M17-Q17)*(1-0),"") -> 2550 | BU17: =IFERROR(P17+(L17-P17)*(1-0.5),"") -> 1330 | BV17: =IFERROR(Q17+(M17-Q17)*(1-0.5),"") -> 1330 | BW17: =IFERROR(P17+(L17-P17)*(1-0.95),"") -> 187 | BX17: =IFERROR(Q17+(M17-Q17)*(1-0.95),"") -> 232 | BY17: =IFERROR(MIN(BS17,BT17)/MAX(BS17,BT17),"") -> 0.98076923 | BZ17: =IFERROR(MIN(BU17,BV17)/MAX(BU17,BV17),"") -> 1 | CA17: =IFERROR(MIN(BW17,BX17)/MAX(BW17,BX17),"") -> 0.80603448 | CB17: =IFERROR(P17+(L17-P17)*(1-Config!$B$39),"") -> 1330 | CC17: =IFERROR(Q17+(M17-Q17)*(1-Config!$B$39),"") -> 1330 | CD17: =IF(OR(BF17<>"OK",BG17<>"OK"),"X – INADAPTÉ",IF(AND(BI17>=Config!$B$42,CE17>=Config!$B$43,CF17=0),"A – TRÈS BON CANDIDAT",IF(AND(BI17>=Config!$B$44,CE17>=Config!$B$45,CF17=0),"B – BON CANDIDAT","C – À ÉTUDIER"))) -> A – TRÈS BON CANDIDAT | CE17: =IFERROR(MIN(AY17,AZ17)/MAX(AY17,AZ17),"") -> 1 | CF17: =--(BJ17<Config!$B$46)+--(BK17<Config!$B$47)+--(BL17<Config!$B$47)+--(BM17<Config!$B$47)+--(BN17<Config!$B$48) -> 0 | CG17: =IF(CF17=0,"Aucune",IF(BJ17<Config!$B$46,"Qgd; ","")&IF(BK17<Config!$B$47,"Qg; ","")&IF(BL17<Config!$B$47,"gm; ","")&IF(BM17<Config!$B$47,"Crss; ","")&IF(BN17<Config!$B$48,"VGS; ","")) -> Aucune | CH17: =IF(D17="VALIDÉ / VALIDATED",IF(AND(E17>0,F17>0),"VALIDÉ R14/R15","VALIDATION INCOMPLÈTE"),IF(D17="TESTÉ – À ÉVALUER / TESTED – TO REVIEW","TESTÉ – À ÉVALUER",IF(D17="REJETÉ / REJECTED","REJETÉ","NON TESTÉ"))) -> NON TESTÉ
A18: C21 | B18: FDA38N30 | C18: IXTQ36P15P | D18: =IFERROR(VLOOKUP(A18,Selection!$A$17:$I$34,4,FALSE),"NON TESTÉ / NOT TESTED") -> NON TESTÉ / NOT TESTED | E18: =IFERROR(VLOOKUP(A18,Selection!$A$17:$I$34,5,FALSE),"") -> 0 | F18: =IFERROR(VLOOKUP(A18,Selection!$A$17:$I$34,6,FALSE),"") -> 0 | G18: =IF(Config!$B$3="FR",IFERROR(T(VLOOKUP(A18,Selection!$A$17:$I$34,7,FALSE)),""),IF(IFERROR(T(VLOOKUP(A18,Selection!$A$17:$I$34,8,FALSE)),"")<>"",IFERROR(T(VLOOKUP(A18,Selection!$A$17:$I$34,8,FALSE)),""),IFERROR(T(VLOOKUP(A18,Selection!$A$17:$I$34,7,FALSE)),""))) -> Combination to validate on Q17. | H18: =IFERROR(VLOOKUP($B18,MOSFET!$A$2:$Q$13,5,FALSE),"") -> 300 | I18: =IFERROR(VLOOKUP($C18,MOSFET!$A$2:$Q$13,5,FALSE),"") -> 150 | J18: =IFERROR(VLOOKUP($B18,MOSFET!$A$2:$Q$13,6,FALSE),"") -> 38 | K18: =IFERROR(VLOOKUP($C18,MOSFET!$A$2:$Q$13,6,FALSE),"") -> 36 | L18: =IFERROR(VLOOKUP($B18,MOSFET!$A$2:$Q$13,7,FALSE),"") -> 2600 | M18: =IFERROR(VLOOKUP($C18,MOSFET!$A$2:$Q$13,7,FALSE),"") -> 3100 | N18: =IFERROR(VLOOKUP($B18,MOSFET!$A$2:$Q$13,8,FALSE),"") -> 500 | O18: =IFERROR(VLOOKUP($C18,MOSFET!$A$2:$Q$13,8,FALSE),"") -> 610 | P18: =IFERROR(VLOOKUP($B18,MOSFET!$A$2:$Q$13,9,FALSE),"") -> 60 | Q18: =IFERROR(VLOOKUP($C18,MOSFET!$A$2:$Q$13,9,FALSE),"") -> 100 | R18: =IFERROR(VLOOKUP($B18,MOSFET!$A$2:$Q$13,10,FALSE),"") -> 34 | S18: =IFERROR(VLOOKUP($C18,MOSFET!$A$2:$Q$13,10,FALSE),"") -> 19 | T18: =IFERROR(VLOOKUP($B18,MOSFET!$A$2:$Q$13,11,FALSE),"") -> 19 | U18: =IFERROR(VLOOKUP($C18,MOSFET!$A$2:$Q$13,11,FALSE),"") -> 18 | V18: =IFERROR(VLOOKUP($B18,MOSFET!$A$2:$Q$13,12,FALSE),0) -> 0 | W18: =IFERROR(VLOOKUP($C18,MOSFET!$A$2:$Q$13,12,FALSE),0) -> 0 | X18: =IFERROR(VLOOKUP($B18,MOSFET!$A$2:$Q$13,13,FALSE),"") -> 60 | Y18: =IFERROR(VLOOKUP($C18,MOSFET!$A$2:$Q$13,13,FALSE),"") -> 55 | Z18: =IFERROR(VLOOKUP($B18,MOSFET!$A$2:$Q$13,16,FALSE),"") -> 5.5 | AA18: =IFERROR(VLOOKUP($C18,MOSFET!$A$2:$Q$13,16,FALSE),"") -> 4.8 | AB18: =IFERROR(R18*SQRT(Config!$B$13/T18),"") -> 13.788821 | AC18: =IFERROR(S18*SQRT(Config!$B$13/U18),"") -> 7.9166667 | AD18: =IFERROR((1/(2*PI()))*SQRT((1+AB18*Config!$B$12)/(Config!$B$14*0.000000001*L18*0.000000000001))/1000000,"") -> 190.12579 | AE18: =IFERROR((1/(2*PI()))*SQRT((1+AC18*Config!$B$12)/(Config!$B$14*0.000000001*M18*0.000000000001))/1000000,"") -> 132.37217 | AF18: =IFERROR((AB18*N18*Config!$B$12^2/L18)/(1+(2*PI()*AD18*1000000*N18*0.000000000001*Config!$B$12)^2),"") -> 7.1207575 | AG18: =IFERROR((AC18*O18*Config!$B$12^2/M18)/(1+(2*PI()*AE18*1000000*O18*0.000000000001*Config!$B$12)^2),"") -> 5.7056364 | AH18: =IF(AF18="","",MAX(0,Config!$B$16*AF18-V18-Config!$B$15)) -> 9.9690606 | AI18: =IF(AG18="","",MAX(0,Config!$B$16*AG18-W18-Config!$B$15)) -> 7.987891 | AJ18: =IF(AH18="","",IF(AH18<=10,10,IF(AH18>=10000,10000,IF(VLOOKUP(AH18,Notes!$F$2:$G$74,1,TRUE)=AH18,AH18,VLOOKUP(AH18,Notes!$F$2:$G$74,2,TRUE))))) -> 10 | AK18: =IF(AI18="","",IF(AI18<=10,10,IF(AI18>=10000,10000,IF(VLOOKUP(AI18,Notes!$F$2:$G$74,1,TRUE)=AI18,AI18,VLOOKUP(AI18,Notes!$F$2:$G$74,2,TRUE))))) -> 10 | AL18: =IFERROR(1/(2*PI()*AJ18*L18*0.000000000001)/1000000,"") -> 6.121344 | AM18: =IFERROR(1/(2*PI()*AK18*M18*0.000000000001)/1000000,"") -> 5.1340304 | AN18: =IF(OR(AL18="",AM18=""),"",MIN(AL18,AM18)) -> 5.1340304 | AO18: =IFERROR(1/(2*PI()*AN18*1000000*L18*0.000000000001),"") -> 11.923077 | AP18: =IFERROR(1/(2*PI()*AN18*1000000*M18*0.000000000001),"") -> 10 | AQ18: =IF(AO18="","",IF(MAX(AH18,AO18)<=10,10,IF(MAX(AH18,AO18)>=10000,10000,IF(VLOOKUP(MAX(AH18,AO18),Notes!$F$2:$G$74,1,TRUE)=MAX(AH18,AO18),MAX(AH18,AO18),VLOOKUP(MAX(AH18,AO18),Notes!$F$2:$G$74,2,TRUE))))) -> 12 | AR18: =IF(AP18="","",IF(MAX(AI18,AP18)<=10,10,IF(MAX(AI18,AP18)>=10000,10000,IF(VLOOKUP(MAX(AI18,AP18),Notes!$F$2:$G$74,1,TRUE)=MAX(AI18,AP18),MAX(AI18,AP18),VLOOKUP(MAX(AI18,AP18),Notes!$F$2:$G$74,2,TRUE))))) -> 10 | AS18: =IFERROR(P18+(L18-P18)/(1+AB18*Config!$B$12),"") -> 82.819038 | AT18: =IFERROR(Q18+(M18-Q18)/(1+AC18*Config!$B$12),"") -> 146.63212 | AU18: =IFERROR(MAX(0,MIN(TAN(RADIANS(Config!$B$21))/(2*PI()*Config!$B$20*1000*AS18*0.000000000001)-V18-Config!$B$15,SQRT(10^(Config!$B$22/10)-1)/(2*PI()*Config!$B$20*1000*AS18*0.000000000001)-V18-Config!$B$15)),"") -> 1681.2865 | AV18: =IFERROR(MAX(0,MIN(TAN(RADIANS(Config!$B$21))/(2*PI()*Config!$B$20*1000*AT18*0.000000000001)-W18-Config!$B$15,SQRT(10^(Config!$B$22/10)-1)/(2*PI()*Config!$B$20*1000*AT18*0.000000000001)-W18-Config!$B$15)),"") -> 949.60455 | AW18: =IF(AU18="","",IF(AU18<10,"<10",IF(AU18>=10000,10000,VLOOKUP(AU18,Notes!$F$2:$G$74,1,TRUE)))) -> 1600 | AX18: =IF(AV18="","",IF(AV18<10,"<10",IF(AV18>=10000,10000,VLOOKUP(AV18,Notes!$F$2:$G$74,1,TRUE)))) -> 910 | AY18: =IFERROR(IF((IF(Config!$B$8="R14",Config!$B$9,Config!$B$9*CC18/CB18))<=10,10,IF((IF(Config!$B$8="R14",Config!$B$9,Config!$B$9*CC18/CB18))>=10000,10000,IF(ABS((IF(Config!$B$8="R14",Config!$B$9,Config!$B$9*CC18/CB18))-VLOOKUP((IF(Config!$B$8="R14",Config!$B$9,Config!$B$9*CC18/CB18)),Notes!$F$2:$G$74,1,TRUE))<=ABS(VLOOKUP((IF(Config!$B$8="R14",Config!$B$9,Config!$B$9*CC18/CB18)),Notes!$F$2:$G$74,2,TRUE)-(IF(Config!$B$8="R14",Config!$B$9,Config!$B$9*CC18/CB18))),VLOOKUP((IF(Config!$B$8="R14",Config!$B$9,Config!$B$9*CC18/CB18)),Notes!$F$2:$G$74,1,TRUE),VLOOKUP((IF(Config!$B$8="R14",Config!$B$9,Config!$B$9*CC18/CB18)),Notes!$F$2:$G$74,2,TRUE)))),"") -> 100 | AZ18: =IFERROR(IF((IF(Config!$B$8="R15",Config!$B$9,Config!$B$9*CB18/CC18))<=10,10,IF((IF(Config!$B$8="R15",Config!$B$9,Config!$B$9*CB18/CC18))>=10000,10000,IF(ABS((IF(Config!$B$8="R15",Config!$B$9,Config!$B$9*CB18/CC18))-VLOOKUP((IF(Config!$B$8="R15",Config!$B$9,Config!$B$9*CB18/CC18)),Notes!$F$2:$G$74,1,TRUE))<=ABS(VLOOKUP((IF(Config!$B$8="R15",Config!$B$9,Config!$B$9*CB18/CC18)),Notes!$F$2:$G$74,2,TRUE)-(IF(Config!$B$8="R15",Config!$B$9,Config!$B$9*CB18/CC18))),VLOOKUP((IF(Config!$B$8="R15",Config!$B$9,Config!$B$9*CB18/CC18)),Notes!$F$2:$G$74,1,TRUE),VLOOKUP((IF(Config!$B$8="R15",Config!$B$9,Config!$B$9*CB18/CC18)),Notes!$F$2:$G$74,2,TRUE)))),"") -> 82 | BA18: =IF(OR(AW18="<10",AX18="<10"),"NO",IF(AND(AY18>=AJ18,AY18<=AW18,AZ18>=AK18,AZ18<=AX18,ABS(1/(AY18*L18)-1/(AZ18*M18))/MIN(1/(AY18*L18),1/(AZ18*M18))<=Config!$B$19),"YES","NO")) -> YES | BB18: =IF(AND(D18="VALIDÉ / VALIDATED",E18>0,F18>0),E18,IF(BA18="YES",AY18,AQ18)) -> 100 | BC18: =IF(AND(D18="VALIDÉ / VALIDATED",E18>0,F18>0),F18,IF(BA18="YES",AZ18,AR18)) -> 82 | BD18: =IF(AND(D18="VALIDÉ / VALIDATED",E18>0,F18>0),_xlfn.CONCAT("TEST Q",17),IF(BA18="YES","CIBLE INITIALE","CALCUL THÉORIQUE INITIAL")) -> CIBLE INITIALE | BE18: =IFERROR(ABS(BB18*CB18-BC18*CC18)/MIN(BB18*CB18,BC18*CC18),"") -> 0.013719512 | BF18: =IF(B18="","",IF(VLOOKUP(B18,MOSFET!$A$2:$Q$13,2,FALSE)<>"N","NON – canal",IF(H18<2*Config!$B$11*Config!$B$17,"NON – Vdss",IF(J18<Config!$B$13*Config!$B$18,"NON – Id",IF(L18>Config!$B$23,"NON – Ciss",IF(OR(L18="",P18="",X18="",BQ18="",R18="",T18="",Z18=""),"DONNÉES À COMPLÉTER","OK")))))) -> OK | BG18: =IF(C18="","",IF(VLOOKUP(C18,MOSFET!$A$2:$Q$13,2,FALSE)<>"P","NON – canal",IF(I18<2*Config!$B$11*Config!$B$17,"NON – Vdss",IF(K18<Config!$B$13*Config!$B$18,"NON – Id",IF(M18>Config!$B$23,"NON – Ciss",IF(OR(M18="",Q18="",Y18="",BR18="",S18="",U18="",AA18=""),"DONNÉES À COMPLÉTER","OK")))))) -> OK | BH18: =IF(OR(BF18<>"OK",BG18<>"OK"),"NON – aptitude MOSFET",IF(AND(D18="VALIDÉ / VALIDATED",E18>0,F18>0),_xlfn.CONCAT("OUI – Q",17," confirmé"),IF(BO18>=0.82,"OUI – paire prioritaire / test scope requis",IF(BO18>=0.74,"OUI – paire acceptable / test scope requis","À ÉVALUER – compatibilité faible")))) -> À ÉVALUER – compatibilité faible | BI18: =IFERROR((Config!$B$34*BY18+Config!$B$35*BZ18+Config!$B$36*CA18)/Config!$B$37,"") -> 0.79981492 | BJ18: =IFERROR(MIN(BQ18,BR18)/MAX(BQ18,BR18),"") -> 0.64285714 | BK18: =IFERROR(MIN(X18,Y18)/MAX(X18,Y18),"") -> 0.91666667 | BL18: =IFERROR(MIN(AB18,AC18)/MAX(AB18,AC18),"") -> 0.5741366 | BM18: =IFERROR(MIN(P18,Q18)/MAX(P18,Q18),"") -> 0.6 | BN18: =IFERROR(MIN(Z18,AA18)/MAX(Z18,AA18),"") -> 0.87272727 | BO18: =IFERROR((Config!$B$25*BI18+Config!$B$26*BJ18+Config!$B$27*BK18+Config!$B$28*BL18+Config!$B$29*BM18+Config!$B$30*BN18)/Config!$B$31,"") -> 0.73940912 | BP18: =IF(OR(BF18<>"OK",BG18<>"OK"),1,IF(BO18>=0.9,5,IF(BO18>=0.82,4,IF(BO18>=0.74,3,IF(BO18>=0.66,2,1))))) -> 2 | BQ18: =IFERROR(VLOOKUP($B18,MOSFET!$A$2:$Q$13,14,FALSE),"") -> 28 | BR18: =IFERROR(VLOOKUP($C18,MOSFET!$A$2:$Q$13,14,FALSE),"") -> 18 | BS18: =IFERROR(P18+(L18-P18)*(1-0),"") -> 2600 | BT18: =IFERROR(Q18+(M18-Q18)*(1-0),"") -> 3100 | BU18: =IFERROR(P18+(L18-P18)*(1-0.5),"") -> 1330 | BV18: =IFERROR(Q18+(M18-Q18)*(1-0.5),"") -> 1600 | BW18: =IFERROR(P18+(L18-P18)*(1-0.95),"") -> 187 | BX18: =IFERROR(Q18+(M18-Q18)*(1-0.95),"") -> 250 | BY18: =IFERROR(MIN(BS18,BT18)/MAX(BS18,BT18),"") -> 0.83870968 | BZ18: =IFERROR(MIN(BU18,BV18)/MAX(BU18,BV18),"") -> 0.83125 | CA18: =IFERROR(MIN(BW18,BX18)/MAX(BW18,BX18),"") -> 0.748 | CB18: =IFERROR(P18+(L18-P18)*(1-Config!$B$39),"") -> 1330 | CC18: =IFERROR(Q18+(M18-Q18)*(1-Config!$B$39),"") -> 1600 | CD18: =IF(OR(BF18<>"OK",BG18<>"OK"),"X – INADAPTÉ",IF(AND(BI18>=Config!$B$42,CE18>=Config!$B$43,CF18=0),"A – TRÈS BON CANDIDAT",IF(AND(BI18>=Config!$B$44,CE18>=Config!$B$45,CF18=0),"B – BON CANDIDAT","C – À ÉTUDIER"))) -> B – BON CANDIDAT | CE18: =IFERROR(MIN(AY18,AZ18)/MAX(AY18,AZ18),"") -> 0.82 | CF18: =--(BJ18<Config!$B$46)+--(BK18<Config!$B$47)+--(BL18<Config!$B$47)+--(BM18<Config!$B$47)+--(BN18<Config!$B$48) -> 0 | CG18: =IF(CF18=0,"Aucune",IF(BJ18<Config!$B$46,"Qgd; ","")&IF(BK18<Config!$B$47,"Qg; ","")&IF(BL18<Config!$B$47,"gm; ","")&IF(BM18<Config!$B$47,"Crss; ","")&IF(BN18<Config!$B$48,"VGS; ","")) -> Aucune | CH18: =IF(D18="VALIDÉ / VALIDATED",IF(AND(E18>0,F18>0),"VALIDÉ R14/R15","VALIDATION INCOMPLÈTE"),IF(D18="TESTÉ – À ÉVALUER / TESTED – TO REVIEW","TESTÉ – À ÉVALUER",IF(D18="REJETÉ / REJECTED","REJETÉ","NON TESTÉ"))) -> NON TESTÉ
A19: C22 | B19: FDA38N30 | C19: IXTQ26P20P | D19: =IFERROR(VLOOKUP(A19,Selection!$A$17:$I$34,4,FALSE),"NON TESTÉ / NOT TESTED") -> NON TESTÉ / NOT TESTED | E19: =IFERROR(VLOOKUP(A19,Selection!$A$17:$I$34,5,FALSE),"") -> 0 | F19: =IFERROR(VLOOKUP(A19,Selection!$A$17:$I$34,6,FALSE),"") -> 0 | G19: =IF(Config!$B$3="FR",IFERROR(T(VLOOKUP(A19,Selection!$A$17:$I$34,7,FALSE)),""),IF(IFERROR(T(VLOOKUP(A19,Selection!$A$17:$I$34,8,FALSE)),"")<>"",IFERROR(T(VLOOKUP(A19,Selection!$A$17:$I$34,8,FALSE)),""),IFERROR(T(VLOOKUP(A19,Selection!$A$17:$I$34,7,FALSE)),""))) -> Combination to validate on Q17. | H19: =IFERROR(VLOOKUP($B19,MOSFET!$A$2:$Q$13,5,FALSE),"") -> 300 | I19: =IFERROR(VLOOKUP($C19,MOSFET!$A$2:$Q$13,5,FALSE),"") -> 200 | J19: =IFERROR(VLOOKUP($B19,MOSFET!$A$2:$Q$13,6,FALSE),"") -> 38 | K19: =IFERROR(VLOOKUP($C19,MOSFET!$A$2:$Q$13,6,FALSE),"") -> 26 | L19: =IFERROR(VLOOKUP($B19,MOSFET!$A$2:$Q$13,7,FALSE),"") -> 2600 | M19: =IFERROR(VLOOKUP($C19,MOSFET!$A$2:$Q$13,7,FALSE),"") -> 2740 | N19: =IFERROR(VLOOKUP($B19,MOSFET!$A$2:$Q$13,8,FALSE),"") -> 500 | O19: =IFERROR(VLOOKUP($C19,MOSFET!$A$2:$Q$13,8,FALSE),"") -> 540 | P19: =IFERROR(VLOOKUP($B19,MOSFET!$A$2:$Q$13,9,FALSE),"") -> 60 | Q19: =IFERROR(VLOOKUP($C19,MOSFET!$A$2:$Q$13,9,FALSE),"") -> 100 | R19: =IFERROR(VLOOKUP($B19,MOSFET!$A$2:$Q$13,10,FALSE),"") -> 34 | S19: =IFERROR(VLOOKUP($C19,MOSFET!$A$2:$Q$13,10,FALSE),"") -> 17 | T19: =IFERROR(VLOOKUP($B19,MOSFET!$A$2:$Q$13,11,FALSE),"") -> 19 | U19: =IFERROR(VLOOKUP($C19,MOSFET!$A$2:$Q$13,11,FALSE),"") -> 13 | V19: =IFERROR(VLOOKUP($B19,MOSFET!$A$2:$Q$13,12,FALSE),0) -> 0 | W19: =IFERROR(VLOOKUP($C19,MOSFET!$A$2:$Q$13,12,FALSE),0) -> 0 | X19: =IFERROR(VLOOKUP($B19,MOSFET!$A$2:$Q$13,13,FALSE),"") -> 60 | Y19: =IFERROR(VLOOKUP($C19,MOSFET!$A$2:$Q$13,13,FALSE),"") -> 56 | Z19: =IFERROR(VLOOKUP($B19,MOSFET!$A$2:$Q$13,16,FALSE),"") -> 5.5 | AA19: =IFERROR(VLOOKUP($C19,MOSFET!$A$2:$Q$13,16,FALSE),"") -> 4.4 | AB19: =IFERROR(R19*SQRT(Config!$B$13/T19),"") -> 13.788821 | AC19: =IFERROR(S19*SQRT(Config!$B$13/U19),"") -> 8.3349357 | AD19: =IFERROR((1/(2*PI()))*SQRT((1+AB19*Config!$B$12)/(Config!$B$14*0.000000001*L19*0.000000000001))/1000000,"") -> 190.12579 | AE19: =IFERROR((1/(2*PI()))*SQRT((1+AC19*Config!$B$12)/(Config!$B$14*0.000000001*M19*0.000000000001))/1000000,"") -> 144.41515 | AF19: =IFERROR((AB19*N19*Config!$B$12^2/L19)/(1+(2*PI()*AD19*1000000*N19*0.000000000001*Config!$B$12)^2),"") -> 7.1207575 | AG19: =IFERROR((AC19*O19*Config!$B$12^2/M19)/(1+(2*PI()*AE19*1000000*O19*0.000000000001*Config!$B$12)^2),"") -> 6.4237775 | AH19: =IF(AF19="","",MAX(0,Config!$B$16*AF19-V19-Config!$B$15)) -> 9.9690606 | AI19: =IF(AG19="","",MAX(0,Config!$B$16*AG19-W19-Config!$B$15)) -> 8.9932884 | AJ19: =IF(AH19="","",IF(AH19<=10,10,IF(AH19>=10000,10000,IF(VLOOKUP(AH19,Notes!$F$2:$G$74,1,TRUE)=AH19,AH19,VLOOKUP(AH19,Notes!$F$2:$G$74,2,TRUE))))) -> 10 | AK19: =IF(AI19="","",IF(AI19<=10,10,IF(AI19>=10000,10000,IF(VLOOKUP(AI19,Notes!$F$2:$G$74,1,TRUE)=AI19,AI19,VLOOKUP(AI19,Notes!$F$2:$G$74,2,TRUE))))) -> 10 | AL19: =IFERROR(1/(2*PI()*AJ19*L19*0.000000000001)/1000000,"") -> 6.121344 | AM19: =IFERROR(1/(2*PI()*AK19*M19*0.000000000001)/1000000,"") -> 5.8085746 | AN19: =IF(OR(AL19="",AM19=""),"",MIN(AL19,AM19)) -> 5.8085746 | AO19: =IFERROR(1/(2*PI()*AN19*1000000*L19*0.000000000001),"") -> 10.538462 | AP19: =IFERROR(1/(2*PI()*AN19*1000000*M19*0.000000000001),"") -> 10 | AQ19: =IF(AO19="","",IF(MAX(AH19,AO19)<=10,10,IF(MAX(AH19,AO19)>=10000,10000,IF(VLOOKUP(MAX(AH19,AO19),Notes!$F$2:$G$74,1,TRUE)=MAX(AH19,AO19),MAX(AH19,AO19),VLOOKUP(MAX(AH19,AO19),Notes!$F$2:$G$74,2,TRUE))))) -> 11 | AR19: =IF(AP19="","",IF(MAX(AI19,AP19)<=10,10,IF(MAX(AI19,AP19)>=10000,10000,IF(VLOOKUP(MAX(AI19,AP19),Notes!$F$2:$G$74,1,TRUE)=MAX(AI19,AP19),MAX(AI19,AP19),VLOOKUP(MAX(AI19,AP19),Notes!$F$2:$G$74,2,TRUE))))) -> 10 | AS19: =IFERROR(P19+(L19-P19)/(1+AB19*Config!$B$12),"") -> 82.819038 | AT19: =IFERROR(Q19+(M19-Q19)/(1+AC19*Config!$B$12),"") -> 139.00739 | AU19: =IFERROR(MAX(0,MIN(TAN(RADIANS(Config!$B$21))/(2*PI()*Config!$B$20*1000*AS19*0.000000000001)-V19-Config!$B$15,SQRT(10^(Config!$B$22/10)-1)/(2*PI()*Config!$B$20*1000*AS19*0.000000000001)-V19-Config!$B$15)),"") -> 1681.2865 | AV19: =IFERROR(MAX(0,MIN(TAN(RADIANS(Config!$B$21))/(2*PI()*Config!$B$20*1000*AT19*0.000000000001)-W19-Config!$B$15,SQRT(10^(Config!$B$22/10)-1)/(2*PI()*Config!$B$20*1000*AT19*0.000000000001)-W19-Config!$B$15)),"") -> 1001.6916 | AW19: =IF(AU19="","",IF(AU19<10,"<10",IF(AU19>=10000,10000,VLOOKUP(AU19,Notes!$F$2:$G$74,1,TRUE)))) -> 1600 | AX19: =IF(AV19="","",IF(AV19<10,"<10",IF(AV19>=10000,10000,VLOOKUP(AV19,Notes!$F$2:$G$74,1,TRUE)))) -> 1000 | AY19: =IFERROR(IF((IF(Config!$B$8="R14",Config!$B$9,Config!$B$9*CC19/CB19))<=10,10,IF((IF(Config!$B$8="R14",Config!$B$9,Config!$B$9*CC19/CB19))>=10000,10000,IF(ABS((IF(Config!$B$8="R14",Config!$B$9,Config!$B$9*CC19/CB19))-VLOOKUP((IF(Config!$B$8="R14",Config!$B$9,Config!$B$9*CC19/CB19)),Notes!$F$2:$G$74,1,TRUE))<=ABS(VLOOKUP((IF(Config!$B$8="R14",Config!$B$9,Config!$B$9*CC19/CB19)),Notes!$F$2:$G$74,2,TRUE)-(IF(Config!$B$8="R14",Config!$B$9,Config!$B$9*CC19/CB19))),VLOOKUP((IF(Config!$B$8="R14",Config!$B$9,Config!$B$9*CC19/CB19)),Notes!$F$2:$G$74,1,TRUE),VLOOKUP((IF(Config!$B$8="R14",Config!$B$9,Config!$B$9*CC19/CB19)),Notes!$F$2:$G$74,2,TRUE)))),"") -> 100 | AZ19: =IFERROR(IF((IF(Config!$B$8="R15",Config!$B$9,Config!$B$9*CB19/CC19))<=10,10,IF((IF(Config!$B$8="R15",Config!$B$9,Config!$B$9*CB19/CC19))>=10000,10000,IF(ABS((IF(Config!$B$8="R15",Config!$B$9,Config!$B$9*CB19/CC19))-VLOOKUP((IF(Config!$B$8="R15",Config!$B$9,Config!$B$9*CB19/CC19)),Notes!$F$2:$G$74,1,TRUE))<=ABS(VLOOKUP((IF(Config!$B$8="R15",Config!$B$9,Config!$B$9*CB19/CC19)),Notes!$F$2:$G$74,2,TRUE)-(IF(Config!$B$8="R15",Config!$B$9,Config!$B$9*CB19/CC19))),VLOOKUP((IF(Config!$B$8="R15",Config!$B$9,Config!$B$9*CB19/CC19)),Notes!$F$2:$G$74,1,TRUE),VLOOKUP((IF(Config!$B$8="R15",Config!$B$9,Config!$B$9*CB19/CC19)),Notes!$F$2:$G$74,2,TRUE)))),"") -> 91 | BA19: =IF(OR(AW19="<10",AX19="<10"),"NO",IF(AND(AY19>=AJ19,AY19<=AW19,AZ19>=AK19,AZ19<=AX19,ABS(1/(AY19*L19)-1/(AZ19*M19))/MIN(1/(AY19*L19),1/(AZ19*M19))<=Config!$B$19),"YES","NO")) -> YES | BB19: =IF(AND(D19="VALIDÉ / VALIDATED",E19>0,F19>0),E19,IF(BA19="YES",AY19,AQ19)) -> 100 | BC19: =IF(AND(D19="VALIDÉ / VALIDATED",E19>0,F19>0),F19,IF(BA19="YES",AZ19,AR19)) -> 91 | BD19: =IF(AND(D19="VALIDÉ / VALIDATED",E19>0,F19>0),_xlfn.CONCAT("TEST Q",17),IF(BA19="YES","CIBLE INITIALE","CALCUL THÉORIQUE INITIAL")) -> CIBLE INITIALE | BE19: =IFERROR(ABS(BB19*CB19-BC19*CC19)/MIN(BB19*CB19,BC19*CC19),"") -> 0.029252438 | BF19: =IF(B19="","",IF(VLOOKUP(B19,MOSFET!$A$2:$Q$13,2,FALSE)<>"N","NON – canal",IF(H19<2*Config!$B$11*Config!$B$17,"NON – Vdss",IF(J19<Config!$B$13*Config!$B$18,"NON – Id",IF(L19>Config!$B$23,"NON – Ciss",IF(OR(L19="",P19="",X19="",BQ19="",R19="",T19="",Z19=""),"DONNÉES À COMPLÉTER","OK")))))) -> OK | BG19: =IF(C19="","",IF(VLOOKUP(C19,MOSFET!$A$2:$Q$13,2,FALSE)<>"P","NON – canal",IF(I19<2*Config!$B$11*Config!$B$17,"NON – Vdss",IF(K19<Config!$B$13*Config!$B$18,"NON – Id",IF(M19>Config!$B$23,"NON – Ciss",IF(OR(M19="",Q19="",Y19="",BR19="",S19="",U19="",AA19=""),"DONNÉES À COMPLÉTER","OK")))))) -> OK | BH19: =IF(OR(BF19<>"OK",BG19<>"OK"),"NON – aptitude MOSFET",IF(AND(D19="VALIDÉ / VALIDATED",E19>0,F19>0),_xlfn.CONCAT("OUI – Q",17," confirmé"),IF(BO19>=0.82,"OUI – paire prioritaire / test scope requis",IF(BO19>=0.74,"OUI – paire acceptable / test scope requis","À ÉVALUER – compatibilité faible")))) -> OUI – paire acceptable / test scope requis | BI19: =IFERROR((Config!$B$34*BY19+Config!$B$35*BZ19+Config!$B$36*CA19)/Config!$B$37,"") -> 0.88745697 | BJ19: =IFERROR(MIN(BQ19,BR19)/MAX(BQ19,BR19),"") -> 0.71428571 | BK19: =IFERROR(MIN(X19,Y19)/MAX(X19,Y19),"") -> 0.93333333 | BL19: =IFERROR(MIN(AB19,AC19)/MAX(AB19,AC19),"") -> 0.60447052 | BM19: =IFERROR(MIN(P19,Q19)/MAX(P19,Q19),"") -> 0.6 | BN19: =IFERROR(MIN(Z19,AA19)/MAX(Z19,AA19),"") -> 0.8 | BO19: =IFERROR((Config!$B$25*BI19+Config!$B$26*BJ19+Config!$B$27*BK19+Config!$B$28*BL19+Config!$B$29*BM19+Config!$B$30*BN19)/Config!$B$31,"") -> 0.77976481 | BP19: =IF(OR(BF19<>"OK",BG19<>"OK"),1,IF(BO19>=0.9,5,IF(BO19>=0.82,4,IF(BO19>=0.74,3,IF(BO19>=0.66,2,1))))) -> 3 | BQ19: =IFERROR(VLOOKUP($B19,MOSFET!$A$2:$Q$13,14,FALSE),"") -> 28 | BR19: =IFERROR(VLOOKUP($C19,MOSFET!$A$2:$Q$13,14,FALSE),"") -> 20 | BS19: =IFERROR(P19+(L19-P19)*(1-0),"") -> 2600 | BT19: =IFERROR(Q19+(M19-Q19)*(1-0),"") -> 2740 | BU19: =IFERROR(P19+(L19-P19)*(1-0.5),"") -> 1330 | BV19: =IFERROR(Q19+(M19-Q19)*(1-0.5),"") -> 1420 | BW19: =IFERROR(P19+(L19-P19)*(1-0.95),"") -> 187 | BX19: =IFERROR(Q19+(M19-Q19)*(1-0.95),"") -> 232 | BY19: =IFERROR(MIN(BS19,BT19)/MAX(BS19,BT19),"") -> 0.94890511 | BZ19: =IFERROR(MIN(BU19,BV19)/MAX(BU19,BV19),"") -> 0.93661972 | CA19: =IFERROR(MIN(BW19,BX19)/MAX(BW19,BX19),"") -> 0.80603448 | CB19: =IFERROR(P19+(L19-P19)*(1-Config!$B$39),"") -> 1330 | CC19: =IFERROR(Q19+(M19-Q19)*(1-Config!$B$39),"") -> 1420 | CD19: =IF(OR(BF19<>"OK",BG19<>"OK"),"X – INADAPTÉ",IF(AND(BI19>=Config!$B$42,CE19>=Config!$B$43,CF19=0),"A – TRÈS BON CANDIDAT",IF(AND(BI19>=Config!$B$44,CE19>=Config!$B$45,CF19=0),"B – BON CANDIDAT","C – À ÉTUDIER"))) -> A – TRÈS BON CANDIDAT | CE19: =IFERROR(MIN(AY19,AZ19)/MAX(AY19,AZ19),"") -> 0.91 | CF19: =--(BJ19<Config!$B$46)+--(BK19<Config!$B$47)+--(BL19<Config!$B$47)+--(BM19<Config!$B$47)+--(BN19<Config!$B$48) -> 0 | CG19: =IF(CF19=0,"Aucune",IF(BJ19<Config!$B$46,"Qgd; ","")&IF(BK19<Config!$B$47,"Qg; ","")&IF(BL19<Config!$B$47,"gm; ","")&IF(BM19<Config!$B$47,"Crss; ","")&IF(BN19<Config!$B$48,"VGS; ","")) -> Aucune | CH19: =IF(D19="VALIDÉ / VALIDATED",IF(AND(E19>0,F19>0),"VALIDÉ R14/R15","VALIDATION INCOMPLÈTE"),IF(D19="TESTÉ – À ÉVALUER / TESTED – TO REVIEW","TESTÉ – À ÉVALUER",IF(D19="REJETÉ / REJECTED","REJETÉ","NON TESTÉ"))) -> NON TESTÉ
A20: C23 | B20: STW46NF30 | C20: FQA36P15 | D20: =IFERROR(VLOOKUP(A20,Selection!$A$17:$I$34,4,FALSE),"NON TESTÉ / NOT TESTED") -> NON TESTÉ / NOT TESTED | E20: =IFERROR(VLOOKUP(A20,Selection!$A$17:$I$34,5,FALSE),"") -> 0 | F20: =IFERROR(VLOOKUP(A20,Selection!$A$17:$I$34,6,FALSE),"") -> 0 | G20: =IF(Config!$B$3="FR",IFERROR(T(VLOOKUP(A20,Selection!$A$17:$I$34,7,FALSE)),""),IF(IFERROR(T(VLOOKUP(A20,Selection!$A$17:$I$34,8,FALSE)),"")<>"",IFERROR(T(VLOOKUP(A20,Selection!$A$17:$I$34,8,FALSE)),""),IFERROR(T(VLOOKUP(A20,Selection!$A$17:$I$34,7,FALSE)),""))) -> Combination to validate on Q17. | H20: =IFERROR(VLOOKUP($B20,MOSFET!$A$2:$Q$13,5,FALSE),"") -> 300 | I20: =IFERROR(VLOOKUP($C20,MOSFET!$A$2:$Q$13,5,FALSE),"") -> 150 | J20: =IFERROR(VLOOKUP($B20,MOSFET!$A$2:$Q$13,6,FALSE),"") -> 42 | K20: =IFERROR(VLOOKUP($C20,MOSFET!$A$2:$Q$13,6,FALSE),"") -> 36 | L20: =IFERROR(VLOOKUP($B20,MOSFET!$A$2:$Q$13,7,FALSE),"") -> 3200 | M20: =IFERROR(VLOOKUP($C20,MOSFET!$A$2:$Q$13,7,FALSE),"") -> 2550 | N20: =IFERROR(VLOOKUP($B20,MOSFET!$A$2:$Q$13,8,FALSE),"") -> 442 | O20: =IFERROR(VLOOKUP($C20,MOSFET!$A$2:$Q$13,8,FALSE),"") -> 710 | P20: =IFERROR(VLOOKUP($B20,MOSFET!$A$2:$Q$13,9,FALSE),"") -> 57 | Q20: =IFERROR(VLOOKUP($C20,MOSFET!$A$2:$Q$13,9,FALSE),"") -> 110 | R20: =IFERROR(VLOOKUP($B20,MOSFET!$A$2:$Q$13,10,FALSE),"") -> 55 | S20: =IFERROR(VLOOKUP($C20,MOSFET!$A$2:$Q$13,10,FALSE),"") -> 19.5 | T20: =IFERROR(VLOOKUP($B20,MOSFET!$A$2:$Q$13,11,FALSE),"") -> 34 | U20: =IFERROR(VLOOKUP($C20,MOSFET!$A$2:$Q$13,11,FALSE),"") -> 18 | V20: =IFERROR(VLOOKUP($B20,MOSFET!$A$2:$Q$13,12,FALSE),0) -> 0 | W20: =IFERROR(VLOOKUP($C20,MOSFET!$A$2:$Q$13,12,FALSE),0) -> 0 | X20: =IFERROR(VLOOKUP($B20,MOSFET!$A$2:$Q$13,13,FALSE),"") -> 90 | Y20: =IFERROR(VLOOKUP($C20,MOSFET!$A$2:$Q$13,13,FALSE),"") -> 81 | Z20: =IFERROR(VLOOKUP($B20,MOSFET!$A$2:$Q$13,16,FALSE),"") -> 4 | AA20: =IFERROR(VLOOKUP($C20,MOSFET!$A$2:$Q$13,16,FALSE),"") -> 4.3 | AB20: =IFERROR(R20*SQRT(Config!$B$13/T20),"") -> 16.674324 | AC20: =IFERROR(S20*SQRT(Config!$B$13/U20),"") -> 8.125 | AD20: =IFERROR((1/(2*PI()))*SQRT((1+AB20*Config!$B$12)/(Config!$B$14*0.000000001*L20*0.000000000001))/1000000,"") -> 188.31088 | AE20: =IFERROR((1/(2*PI()))*SQRT((1+AC20*Config!$B$12)/(Config!$B$14*0.000000001*M20*0.000000000001))/1000000,"") -> 147.82959 | AF20: =IFERROR((AB20*N20*Config!$B$12^2/L20)/(1+(2*PI()*AD20*1000000*N20*0.000000000001*Config!$B$12)^2),"") -> 7.9659393 | AG20: =IFERROR((AC20*O20*Config!$B$12^2/M20)/(1+(2*PI()*AE20*1000000*O20*0.000000000001*Config!$B$12)^2),"") -> 5.0212656 | AH20: =IF(AF20="","",MAX(0,Config!$B$16*AF20-V20-Config!$B$15)) -> 11.152315 | AI20: =IF(AG20="","",MAX(0,Config!$B$16*AG20-W20-Config!$B$15)) -> 7.0297718 | AJ20: =IF(AH20="","",IF(AH20<=10,10,IF(AH20>=10000,10000,IF(VLOOKUP(AH20,Notes!$F$2:$G$74,1,TRUE)=AH20,AH20,VLOOKUP(AH20,Notes!$F$2:$G$74,2,TRUE))))) -> 12 | AK20: =IF(AI20="","",IF(AI20<=10,10,IF(AI20>=10000,10000,IF(VLOOKUP(AI20,Notes!$F$2:$G$74,1,TRUE)=AI20,AI20,VLOOKUP(AI20,Notes!$F$2:$G$74,2,TRUE))))) -> 10 | AL20: =IFERROR(1/(2*PI()*AJ20*L20*0.000000000001)/1000000,"") -> 4.14466 | AM20: =IFERROR(1/(2*PI()*AK20*M20*0.000000000001)/1000000,"") -> 6.2413703 | AN20: =IF(OR(AL20="",AM20=""),"",MIN(AL20,AM20)) -> 4.14466 | AO20: =IFERROR(1/(2*PI()*AN20*1000000*L20*0.000000000001),"") -> 12 | AP20: =IFERROR(1/(2*PI()*AN20*1000000*M20*0.000000000001),"") -> 15.058824 | AQ20: =IF(AO20="","",IF(MAX(AH20,AO20)<=10,10,IF(MAX(AH20,AO20)>=10000,10000,IF(VLOOKUP(MAX(AH20,AO20),Notes!$F$2:$G$74,1,TRUE)=MAX(AH20,AO20),MAX(AH20,AO20),VLOOKUP(MAX(AH20,AO20),Notes!$F$2:$G$74,2,TRUE))))) -> 12 | AR20: =IF(AP20="","",IF(MAX(AI20,AP20)<=10,10,IF(MAX(AI20,AP20)>=10000,10000,IF(VLOOKUP(MAX(AI20,AP20),Notes!$F$2:$G$74,1,TRUE)=MAX(AI20,AP20),MAX(AI20,AP20),VLOOKUP(MAX(AI20,AP20),Notes!$F$2:$G$74,2,TRUE))))) -> 16 | AS20: =IFERROR(P20+(L20-P20)/(1+AB20*Config!$B$12),"") -> 80.386357 | AT20: =IFERROR(Q20+(M20-Q20)/(1+AC20*Config!$B$12),"") -> 146.9697 | AU20: =IFERROR(MAX(0,MIN(TAN(RADIANS(Config!$B$21))/(2*PI()*Config!$B$20*1000*AS20*0.000000000001)-V20-Config!$B$15,SQRT(10^(Config!$B$22/10)-1)/(2*PI()*Config!$B$20*1000*AS20*0.000000000001)-V20-Config!$B$15)),"") -> 1732.1662 | AV20: =IFERROR(MAX(0,MIN(TAN(RADIANS(Config!$B$21))/(2*PI()*Config!$B$20*1000*AT20*0.000000000001)-W20-Config!$B$15,SQRT(10^(Config!$B$22/10)-1)/(2*PI()*Config!$B$20*1000*AT20*0.000000000001)-W20-Config!$B$15)),"") -> 947.42342 | AW20: =IF(AU20="","",IF(AU20<10,"<10",IF(AU20>=10000,10000,VLOOKUP(AU20,Notes!$F$2:$G$74,1,TRUE)))) -> 1600 | AX20: =IF(AV20="","",IF(AV20<10,"<10",IF(AV20>=10000,10000,VLOOKUP(AV20,Notes!$F$2:$G$74,1,TRUE)))) -> 910 | AY20: =IFERROR(IF((IF(Config!$B$8="R14",Config!$B$9,Config!$B$9*CC20/CB20))<=10,10,IF((IF(Config!$B$8="R14",Config!$B$9,Config!$B$9*CC20/CB20))>=10000,10000,IF(ABS((IF(Config!$B$8="R14",Config!$B$9,Config!$B$9*CC20/CB20))-VLOOKUP((IF(Config!$B$8="R14",Config!$B$9,Config!$B$9*CC20/CB20)),Notes!$F$2:$G$74,1,TRUE))<=ABS(VLOOKUP((IF(Config!$B$8="R14",Config!$B$9,Config!$B$9*CC20/CB20)),Notes!$F$2:$G$74,2,TRUE)-(IF(Config!$B$8="R14",Config!$B$9,Config!$B$9*CC20/CB20))),VLOOKUP((IF(Config!$B$8="R14",Config!$B$9,Config!$B$9*CC20/CB20)),Notes!$F$2:$G$74,1,TRUE),VLOOKUP((IF(Config!$B$8="R14",Config!$B$9,Config!$B$9*CC20/CB20)),Notes!$F$2:$G$74,2,TRUE)))),"") -> 100 | AZ20: =IFERROR(IF((IF(Config!$B$8="R15",Config!$B$9,Config!$B$9*CB20/CC20))<=10,10,IF((IF(Config!$B$8="R15",Config!$B$9,Config!$B$9*CB20/CC20))>=10000,10000,IF(ABS((IF(Config!$B$8="R15",Config!$B$9,Config!$B$9*CB20/CC20))-VLOOKUP((IF(Config!$B$8="R15",Config!$B$9,Config!$B$9*CB20/CC20)),Notes!$F$2:$G$74,1,TRUE))<=ABS(VLOOKUP((IF(Config!$B$8="R15",Config!$B$9,Config!$B$9*CB20/CC20)),Notes!$F$2:$G$74,2,TRUE)-(IF(Config!$B$8="R15",Config!$B$9,Config!$B$9*CB20/CC20))),VLOOKUP((IF(Config!$B$8="R15",Config!$B$9,Config!$B$9*CB20/CC20)),Notes!$F$2:$G$74,1,TRUE),VLOOKUP((IF(Config!$B$8="R15",Config!$B$9,Config!$B$9*CB20/CC20)),Notes!$F$2:$G$74,2,TRUE)))),"") -> 120 | BA20: =IF(OR(AW20="<10",AX20="<10"),"NO",IF(AND(AY20>=AJ20,AY20<=AW20,AZ20>=AK20,AZ20<=AX20,ABS(1/(AY20*L20)-1/(AZ20*M20))/MIN(1/(AY20*L20),1/(AZ20*M20))<=Config!$B$19),"YES","NO")) -> YES | BB20: =IF(AND(D20="VALIDÉ / VALIDATED",E20>0,F20>0),E20,IF(BA20="YES",AY20,AQ20)) -> 100 | BC20: =IF(AND(D20="VALIDÉ / VALIDATED",E20>0,F20>0),F20,IF(BA20="YES",AZ20,AR20)) -> 120 | BD20: =IF(AND(D20="VALIDÉ / VALIDATED",E20>0,F20>0),_xlfn.CONCAT("TEST Q",17),IF(BA20="YES","CIBLE INITIALE","CALCUL THÉORIQUE INITIAL")) -> CIBLE INITIALE | BE20: =IFERROR(ABS(BB20*CB20-BC20*CC20)/MIN(BB20*CB20,BC20*CC20),"") -> 0.020363409 | BF20: =IF(B20="","",IF(VLOOKUP(B20,MOSFET!$A$2:$Q$13,2,FALSE)<>"N","NON – canal",IF(H20<2*Config!$B$11*Config!$B$17,"NON – Vdss",IF(J20<Config!$B$13*Config!$B$18,"NON – Id",IF(L20>Config!$B$23,"NON – Ciss",IF(OR(L20="",P20="",X20="",BQ20="",R20="",T20="",Z20=""),"DONNÉES À COMPLÉTER","OK")))))) -> OK | BG20: =IF(C20="","",IF(VLOOKUP(C20,MOSFET!$A$2:$Q$13,2,FALSE)<>"P","NON – canal",IF(I20<2*Config!$B$11*Config!$B$17,"NON – Vdss",IF(K20<Config!$B$13*Config!$B$18,"NON – Id",IF(M20>Config!$B$23,"NON – Ciss",IF(OR(M20="",Q20="",Y20="",BR20="",S20="",U20="",AA20=""),"DONNÉES À COMPLÉTER","OK")))))) -> OK | BH20: =IF(OR(BF20<>"OK",BG20<>"OK"),"NON – aptitude MOSFET",IF(AND(D20="VALIDÉ / VALIDATED",E20>0,F20>0),_xlfn.CONCAT("OUI – Q",17," confirmé"),IF(BO20>=0.82,"OUI – paire prioritaire / test scope requis",IF(BO20>=0.74,"OUI – paire acceptable / test scope requis","À ÉVALUER – compatibilité faible")))) -> OUI – paire acceptable / test scope requis | BI20: =IFERROR((Config!$B$34*BY20+Config!$B$35*BZ20+Config!$B$36*CA20)/Config!$B$37,"") -> 0.85428876 | BJ20: =IFERROR(MIN(BQ20,BR20)/MAX(BQ20,BR20),"") -> 0.95238095 | BK20: =IFERROR(MIN(X20,Y20)/MAX(X20,Y20),"") -> 0.9 | BL20: =IFERROR(MIN(AB20,AC20)/MAX(AB20,AC20),"") -> 0.48727612 | BM20: =IFERROR(MIN(P20,Q20)/MAX(P20,Q20),"") -> 0.51818182 | BN20: =IFERROR(MIN(Z20,AA20)/MAX(Z20,AA20),"") -> 0.93023256 | BO20: =IFERROR((Config!$B$25*BI20+Config!$B$26*BJ20+Config!$B$27*BK20+Config!$B$28*BL20+Config!$B$29*BM20+Config!$B$30*BN20)/Config!$B$31,"") -> 0.79969567 | BP20: =IF(OR(BF20<>"OK",BG20<>"OK"),1,IF(BO20>=0.9,5,IF(BO20>=0.82,4,IF(BO20>=0.74,3,IF(BO20>=0.66,2,1))))) -> 3 | BQ20: =IFERROR(VLOOKUP($B20,MOSFET!$A$2:$Q$13,14,FALSE),"") -> 40 | BR20: =IFERROR(VLOOKUP($C20,MOSFET!$A$2:$Q$13,14,FALSE),"") -> 42 | BS20: =IFERROR(P20+(L20-P20)*(1-0),"") -> 3200 | BT20: =IFERROR(Q20+(M20-Q20)*(1-0),"") -> 2550 | BU20: =IFERROR(P20+(L20-P20)*(1-0.5),"") -> 1628.5 | BV20: =IFERROR(Q20+(M20-Q20)*(1-0.5),"") -> 1330 | BW20: =IFERROR(P20+(L20-P20)*(1-0.95),"") -> 214.15 | BX20: =IFERROR(Q20+(M20-Q20)*(1-0.95),"") -> 232 | BY20: =IFERROR(MIN(BS20,BT20)/MAX(BS20,BT20),"") -> 0.796875 | BZ20: =IFERROR(MIN(BU20,BV20)/MAX(BU20,BV20),"") -> 0.81670249 | CA20: =IFERROR(MIN(BW20,BX20)/MAX(BW20,BX20),"") -> 0.92306034 | CB20: =IFERROR(P20+(L20-P20)*(1-Config!$B$39),"") -> 1628.5 | CC20: =IFERROR(Q20+(M20-Q20)*(1-Config!$B$39),"") -> 1330 | CD20: =IF(OR(BF20<>"OK",BG20<>"OK"),"X – INADAPTÉ",IF(AND(BI20>=Config!$B$42,CE20>=Config!$B$43,CF20=0),"A – TRÈS BON CANDIDAT",IF(AND(BI20>=Config!$B$44,CE20>=Config!$B$45,CF20=0),"B – BON CANDIDAT","C – À ÉTUDIER"))) -> A – TRÈS BON CANDIDAT | CE20: =IFERROR(MIN(AY20,AZ20)/MAX(AY20,AZ20),"") -> 0.83333333 | CF20: =--(BJ20<Config!$B$46)+--(BK20<Config!$B$47)+--(BL20<Config!$B$47)+--(BM20<Config!$B$47)+--(BN20<Config!$B$48) -> 0 | CG20: =IF(CF20=0,"Aucune",IF(BJ20<Config!$B$46,"Qgd; ","")&IF(BK20<Config!$B$47,"Qg; ","")&IF(BL20<Config!$B$47,"gm; ","")&IF(BM20<Config!$B$47,"Crss; ","")&IF(BN20<Config!$B$48,"VGS; ","")) -> Aucune | CH20: =IF(D20="VALIDÉ / VALIDATED",IF(AND(E20>0,F20>0),"VALIDÉ R14/R15","VALIDATION INCOMPLÈTE"),IF(D20="TESTÉ – À ÉVALUER / TESTED – TO REVIEW","TESTÉ – À ÉVALUER",IF(D20="REJETÉ / REJECTED","REJETÉ","NON TESTÉ"))) -> NON TESTÉ
A21: C24 | B21: STW46NF30 | C21: IXTQ36P15P | D21: =IFERROR(VLOOKUP(A21,Selection!$A$17:$I$34,4,FALSE),"NON TESTÉ / NOT TESTED") -> NON TESTÉ / NOT TESTED | E21: =IFERROR(VLOOKUP(A21,Selection!$A$17:$I$34,5,FALSE),"") -> 0 | F21: =IFERROR(VLOOKUP(A21,Selection!$A$17:$I$34,6,FALSE),"") -> 0 | G21: =IF(Config!$B$3="FR",IFERROR(T(VLOOKUP(A21,Selection!$A$17:$I$34,7,FALSE)),""),IF(IFERROR(T(VLOOKUP(A21,Selection!$A$17:$I$34,8,FALSE)),"")<>"",IFERROR(T(VLOOKUP(A21,Selection!$A$17:$I$34,8,FALSE)),""),IFERROR(T(VLOOKUP(A21,Selection!$A$17:$I$34,7,FALSE)),""))) -> Combination to validate on Q17. | H21: =IFERROR(VLOOKUP($B21,MOSFET!$A$2:$Q$13,5,FALSE),"") -> 300 | I21: =IFERROR(VLOOKUP($C21,MOSFET!$A$2:$Q$13,5,FALSE),"") -> 150 | J21: =IFERROR(VLOOKUP($B21,MOSFET!$A$2:$Q$13,6,FALSE),"") -> 42 | K21: =IFERROR(VLOOKUP($C21,MOSFET!$A$2:$Q$13,6,FALSE),"") -> 36 | L21: =IFERROR(VLOOKUP($B21,MOSFET!$A$2:$Q$13,7,FALSE),"") -> 3200 | M21: =IFERROR(VLOOKUP($C21,MOSFET!$A$2:$Q$13,7,FALSE),"") -> 3100 | N21: =IFERROR(VLOOKUP($B21,MOSFET!$A$2:$Q$13,8,FALSE),"") -> 442 | O21: =IFERROR(VLOOKUP($C21,MOSFET!$A$2:$Q$13,8,FALSE),"") -> 610 | P21: =IFERROR(VLOOKUP($B21,MOSFET!$A$2:$Q$13,9,FALSE),"") -> 57 | Q21: =IFERROR(VLOOKUP($C21,MOSFET!$A$2:$Q$13,9,FALSE),"") -> 100 | R21: =IFERROR(VLOOKUP($B21,MOSFET!$A$2:$Q$13,10,FALSE),"") -> 55 | S21: =IFERROR(VLOOKUP($C21,MOSFET!$A$2:$Q$13,10,FALSE),"") -> 19 | T21: =IFERROR(VLOOKUP($B21,MOSFET!$A$2:$Q$13,11,FALSE),"") -> 34 | U21: =IFERROR(VLOOKUP($C21,MOSFET!$A$2:$Q$13,11,FALSE),"") -> 18 | V21: =IFERROR(VLOOKUP($B21,MOSFET!$A$2:$Q$13,12,FALSE),0) -> 0 | W21: =IFERROR(VLOOKUP($C21,MOSFET!$A$2:$Q$13,12,FALSE),0) -> 0 | X21: =IFERROR(VLOOKUP($B21,MOSFET!$A$2:$Q$13,13,FALSE),"") -> 90 | Y21: =IFERROR(VLOOKUP($C21,MOSFET!$A$2:$Q$13,13,FALSE),"") -> 55 | Z21: =IFERROR(VLOOKUP($B21,MOSFET!$A$2:$Q$13,16,FALSE),"") -> 4 | AA21: =IFERROR(VLOOKUP($C21,MOSFET!$A$2:$Q$13,16,FALSE),"") -> 4.8 | AB21: =IFERROR(R21*SQRT(Config!$B$13/T21),"") -> 16.674324 | AC21: =IFERROR(S21*SQRT(Config!$B$13/U21),"") -> 7.9166667 | AD21: =IFERROR((1/(2*PI()))*SQRT((1+AB21*Config!$B$12)/(Config!$B$14*0.000000001*L21*0.000000000001))/1000000,"") -> 188.31088 | AE21: =IFERROR((1/(2*PI()))*SQRT((1+AC21*Config!$B$12)/(Config!$B$14*0.000000001*M21*0.000000000001))/1000000,"") -> 132.37217 | AF21: =IFERROR((AB21*N21*Config!$B$12^2/L21)/(1+(2*PI()*AD21*1000000*N21*0.000000000001*Config!$B$12)^2),"") -> 7.9659393 | AG21: =IFERROR((AC21*O21*Config!$B$12^2/M21)/(1+(2*PI()*AE21*1000000*O21*0.000000000001*Config!$B$12)^2),"") -> 5.7056364 | AH21: =IF(AF21="","",MAX(0,Config!$B$16*AF21-V21-Config!$B$15)) -> 11.152315 | AI21: =IF(AG21="","",MAX(0,Config!$B$16*AG21-W21-Config!$B$15)) -> 7.987891 | AJ21: =IF(AH21="","",IF(AH21<=10,10,IF(AH21>=10000,10000,IF(VLOOKUP(AH21,Notes!$F$2:$G$74,1,TRUE)=AH21,AH21,VLOOKUP(AH21,Notes!$F$2:$G$74,2,TRUE))))) -> 12 | AK21: =IF(AI21="","",IF(AI21<=10,10,IF(AI21>=10000,10000,IF(VLOOKUP(AI21,Notes!$F$2:$G$74,1,TRUE)=AI21,AI21,VLOOKUP(AI21,Notes!$F$2:$G$74,2,TRUE))))) -> 10 | AL21: =IFERROR(1/(2*PI()*AJ21*L21*0.000000000001)/1000000,"") -> 4.14466 | AM21: =IFERROR(1/(2*PI()*AK21*M21*0.000000000001)/1000000,"") -> 5.1340304 | AN21: =IF(OR(AL21="",AM21=""),"",MIN(AL21,AM21)) -> 4.14466 | AO21: =IFERROR(1/(2*PI()*AN21*1000000*L21*0.000000000001),"") -> 12 | AP21: =IFERROR(1/(2*PI()*AN21*1000000*M21*0.000000000001),"") -> 12.387097 | AQ21: =IF(AO21="","",IF(MAX(AH21,AO21)<=10,10,IF(MAX(AH21,AO21)>=10000,10000,IF(VLOOKUP(MAX(AH21,AO21),Notes!$F$2:$G$74,1,TRUE)=MAX(AH21,AO21),MAX(AH21,AO21),VLOOKUP(MAX(AH21,AO21),Notes!$F$2:$G$74,2,TRUE))))) -> 12 | AR21: =IF(AP21="","",IF(MAX(AI21,AP21)<=10,10,IF(MAX(AI21,AP21)>=10000,10000,IF(VLOOKUP(MAX(AI21,AP21),Notes!$F$2:$G$74,1,TRUE)=MAX(AI21,AP21),MAX(AI21,AP21),VLOOKUP(MAX(AI21,AP21),Notes!$F$2:$G$74,2,TRUE))))) -> 13 | AS21: =IFERROR(P21+(L21-P21)/(1+AB21*Config!$B$12),"") -> 80.386357 | AT21: =IFERROR(Q21+(M21-Q21)/(1+AC21*Config!$B$12),"") -> 146.63212 | AU21: =IFERROR(MAX(0,MIN(TAN(RADIANS(Config!$B$21))/(2*PI()*Config!$B$20*1000*AS21*0.000000000001)-V21-Config!$B$15,SQRT(10^(Config!$B$22/10)-1)/(2*PI()*Config!$B$20*1000*AS21*0.000000000001)-V21-Config!$B$15)),"") -> 1732.1662 | AV21: =IFERROR(MAX(0,MIN(TAN(RADIANS(Config!$B$21))/(2*PI()*Config!$B$20*1000*AT21*0.000000000001)-W21-Config!$B$15,SQRT(10^(Config!$B$22/10)-1)/(2*PI()*Config!$B$20*1000*AT21*0.000000000001)-W21-Config!$B$15)),"") -> 949.60455 | AW21: =IF(AU21="","",IF(AU21<10,"<10",IF(AU21>=10000,10000,VLOOKUP(AU21,Notes!$F$2:$G$74,1,TRUE)))) -> 1600 | AX21: =IF(AV21="","",IF(AV21<10,"<10",IF(AV21>=10000,10000,VLOOKUP(AV21,Notes!$F$2:$G$74,1,TRUE)))) -> 910 | AY21: =IFERROR(IF((IF(Config!$B$8="R14",Config!$B$9,Config!$B$9*CC21/CB21))<=10,10,IF((IF(Config!$B$8="R14",Config!$B$9,Config!$B$9*CC21/CB21))>=10000,10000,IF(ABS((IF(Config!$B$8="R14",Config!$B$9,Config!$B$9*CC21/CB21))-VLOOKUP((IF(Config!$B$8="R14",Config!$B$9,Config!$B$9*CC21/CB21)),Notes!$F$2:$G$74,1,TRUE))<=ABS(VLOOKUP((IF(Config!$B$8="R14",Config!$B$9,Config!$B$9*CC21/CB21)),Notes!$F$2:$G$74,2,TRUE)-(IF(Config!$B$8="R14",Config!$B$9,Config!$B$9*CC21/CB21))),VLOOKUP((IF(Config!$B$8="R14",Config!$B$9,Config!$B$9*CC21/CB21)),Notes!$F$2:$G$74,1,TRUE),VLOOKUP((IF(Config!$B$8="R14",Config!$B$9,Config!$B$9*CC21/CB21)),Notes!$F$2:$G$74,2,TRUE)))),"") -> 100 | AZ21: =IFERROR(IF((IF(Config!$B$8="R15",Config!$B$9,Config!$B$9*CB21/CC21))<=10,10,IF((IF(Config!$B$8="R15",Config!$B$9,Config!$B$9*CB21/CC21))>=10000,10000,IF(ABS((IF(Config!$B$8="R15",Config!$B$9,Config!$B$9*CB21/CC21))-VLOOKUP((IF(Config!$B$8="R15",Config!$B$9,Config!$B$9*CB21/CC21)),Notes!$F$2:$G$74,1,TRUE))<=ABS(VLOOKUP((IF(Config!$B$8="R15",Config!$B$9,Config!$B$9*CB21/CC21)),Notes!$F$2:$G$74,2,TRUE)-(IF(Config!$B$8="R15",Config!$B$9,Config!$B$9*CB21/CC21))),VLOOKUP((IF(Config!$B$8="R15",Config!$B$9,Config!$B$9*CB21/CC21)),Notes!$F$2:$G$74,1,TRUE),VLOOKUP((IF(Config!$B$8="R15",Config!$B$9,Config!$B$9*CB21/CC21)),Notes!$F$2:$G$74,2,TRUE)))),"") -> 100 | BA21: =IF(OR(AW21="<10",AX21="<10"),"NO",IF(AND(AY21>=AJ21,AY21<=AW21,AZ21>=AK21,AZ21<=AX21,ABS(1/(AY21*L21)-1/(AZ21*M21))/MIN(1/(AY21*L21),1/(AZ21*M21))<=Config!$B$19),"YES","NO")) -> YES | BB21: =IF(AND(D21="VALIDÉ / VALIDATED",E21>0,F21>0),E21,IF(BA21="YES",AY21,AQ21)) -> 100 | BC21: =IF(AND(D21="VALIDÉ / VALIDATED",E21>0,F21>0),F21,IF(BA21="YES",AZ21,AR21)) -> 100 | BD21: =IF(AND(D21="VALIDÉ / VALIDATED",E21>0,F21>0),_xlfn.CONCAT("TEST Q",17),IF(BA21="YES","CIBLE INITIALE","CALCUL THÉORIQUE INITIAL")) -> CIBLE INITIALE | BE21: =IFERROR(ABS(BB21*CB21-BC21*CC21)/MIN(BB21*CB21,BC21*CC21),"") -> 0.0178125 | BF21: =IF(B21="","",IF(VLOOKUP(B21,MOSFET!$A$2:$Q$13,2,FALSE)<>"N","NON – canal",IF(H21<2*Config!$B$11*Config!$B$17,"NON – Vdss",IF(J21<Config!$B$13*Config!$B$18,"NON – Id",IF(L21>Config!$B$23,"NON – Ciss",IF(OR(L21="",P21="",X21="",BQ21="",R21="",T21="",Z21=""),"DONNÉES À COMPLÉTER","OK")))))) -> OK | BG21: =IF(C21="","",IF(VLOOKUP(C21,MOSFET!$A$2:$Q$13,2,FALSE)<>"P","NON – canal",IF(I21<2*Config!$B$11*Config!$B$17,"NON – Vdss",IF(K21<Config!$B$13*Config!$B$18,"NON – Id",IF(M21>Config!$B$23,"NON – Ciss",IF(OR(M21="",Q21="",Y21="",BR21="",S21="",U21="",AA21=""),"DONNÉES À COMPLÉTER","OK")))))) -> OK | BH21: =IF(OR(BF21<>"OK",BG21<>"OK"),"NON – aptitude MOSFET",IF(AND(D21="VALIDÉ / VALIDATED",E21>0,F21>0),_xlfn.CONCAT("OUI – Q",17," confirmé"),IF(BO21>=0.82,"OUI – paire prioritaire / test scope requis",IF(BO21>=0.74,"OUI – paire acceptable / test scope requis","À ÉVALUER – compatibilité faible")))) -> À ÉVALUER – compatibilité faible | BI21: =IFERROR((Config!$B$34*BY21+Config!$B$35*BZ21+Config!$B$36*CA21)/Config!$B$37,"") -> 0.92870223 | BJ21: =IFERROR(MIN(BQ21,BR21)/MAX(BQ21,BR21),"") -> 0.45 | BK21: =IFERROR(MIN(X21,Y21)/MAX(X21,Y21),"") -> 0.61111111 | BL21: =IFERROR(MIN(AB21,AC21)/MAX(AB21,AC21),"") -> 0.47478186 | BM21: =IFERROR(MIN(P21,Q21)/MAX(P21,Q21),"") -> 0.57 | BN21: =IFERROR(MIN(Z21,AA21)/MAX(Z21,AA21),"") -> 0.83333333 | BO21: =IFERROR((Config!$B$25*BI21+Config!$B$26*BJ21+Config!$B$27*BK21+Config!$B$28*BL21+Config!$B$29*BM21+Config!$B$30*BN21)/Config!$B$31,"") -> 0.67182795 | BP21: =IF(OR(BF21<>"OK",BG21<>"OK"),1,IF(BO21>=0.9,5,IF(BO21>=0.82,4,IF(BO21>=0.74,3,IF(BO21>=0.66,2,1))))) -> 2 | BQ21: =IFERROR(VLOOKUP($B21,MOSFET!$A$2:$Q$13,14,FALSE),"") -> 40 | BR21: =IFERROR(VLOOKUP($C21,MOSFET!$A$2:$Q$13,14,FALSE),"") -> 18 | BS21: =IFERROR(P21+(L21-P21)*(1-0),"") -> 3200 | BT21: =IFERROR(Q21+(M21-Q21)*(1-0),"") -> 3100 | BU21: =IFERROR(P21+(L21-P21)*(1-0.5),"") -> 1628.5 | BV21: =IFERROR(Q21+(M21-Q21)*(1-0.5),"") -> 1600 | BW21: =IFERROR(P21+(L21-P21)*(1-0.95),"") -> 214.15 | BX21: =IFERROR(Q21+(M21-Q21)*(1-0.95),"") -> 250 | BY21: =IFERROR(MIN(BS21,BT21)/MAX(BS21,BT21),"") -> 0.96875 | BZ21: =IFERROR(MIN(BU21,BV21)/MAX(BU21,BV21),"") -> 0.98249923 | CA21: =IFERROR(MIN(BW21,BX21)/MAX(BW21,BX21),"") -> 0.8566 | CB21: =IFERROR(P21+(L21-P21)*(1-Config!$B$39),"") -> 1628.5 | CC21: =IFERROR(Q21+(M21-Q21)*(1-Config!$B$39),"") -> 1600 | CD21: =IF(OR(BF21<>"OK",BG21<>"OK"),"X – INADAPTÉ",IF(AND(BI21>=Config!$B$42,CE21>=Config!$B$43,CF21=0),"A – TRÈS BON CANDIDAT",IF(AND(BI21>=Config!$B$44,CE21>=Config!$B$45,CF21=0),"B – BON CANDIDAT","C – À ÉTUDIER"))) -> A – TRÈS BON CANDIDAT | CE21: =IFERROR(MIN(AY21,AZ21)/MAX(AY21,AZ21),"") -> 1 | CF21: =--(BJ21<Config!$B$46)+--(BK21<Config!$B$47)+--(BL21<Config!$B$47)+--(BM21<Config!$B$47)+--(BN21<Config!$B$48) -> 0 | CG21: =IF(CF21=0,"Aucune",IF(BJ21<Config!$B$46,"Qgd; ","")&IF(BK21<Config!$B$47,"Qg; ","")&IF(BL21<Config!$B$47,"gm; ","")&IF(BM21<Config!$B$47,"Crss; ","")&IF(BN21<Config!$B$48,"VGS; ","")) -> Aucune | CH21: =IF(D21="VALIDÉ / VALIDATED",IF(AND(E21>0,F21>0),"VALIDÉ R14/R15","VALIDATION INCOMPLÈTE"),IF(D21="TESTÉ – À ÉVALUER / TESTED – TO REVIEW","TESTÉ – À ÉVALUER",IF(D21="REJETÉ / REJECTED","REJETÉ","NON TESTÉ"))) -> NON TESTÉ
